driverId,name,ssn,location,certified,wage-plan
10,Mitchell Taylor,840-11-3941,"01234 Regina Run Suite 830
Lake Jamesstad, MN 23633",N,hours
11,Sonya Wright,022-05-4904,"47306 Hannah Summit Suite 567
New Thomas, DC 03696",Y,hours
12,Abigail Davis,693-02-6569,"523 Copeland Field
Cassiefort, NY 77143",N,hours
13,Brian Cunningham,240-55-0546,"005 Anthony Rapids
Wrightfort, PW 22273",N,hours
14,Michelle Taylor,231-71-5620,"3025 Charles Circles Suite 864
East Kurt, OH 96083",N,hours
15,Derek Estrada,490-87-3139,"1893 Alexander Lodge Suite 640
Eugenebury, OK 53480",N,hours
16,Martin Preston,418-44-8414,"1362 Arellano Ferry
East Michael, IL 56161",N,miles
17,Scott Mosley DVM,134-73-0907,"93805 Williams Curve Apt. 777
Scottborough, MS 01589",Y,hours
18,John Ballard,511-67-1002,"PSC 9592, Box 6654
APO AE 49171",N,miles
19,Amy Hinton,204-68-3672,"27370 Terrell Alley
New Andre, NC 64303",N,hours
20,Sean Collins,096-96-1325,"68745 Rivers Tunnel
Port Michael, VI 09275",Y,hours
21,Sarah Taylor,448-25-4927,"03779 Ramirez Mall
South Nicholas, FL 37707",Y,miles
22,Lance Williams,355-69-1993,"3225 Thompson Roads Suite 483
West Thomasview, WA 72949",N,hours
23,Jessica Mathews,252-64-6646,"24751 Scott Lodge
New Katelyn, NY 14380",Y,hours
24,Cheryl Hicks,363-19-5599,"52289 Anthony Plaza
West Elizabeth, UT 13237",Y,hours
25,Jason Meza,399-71-7933,"3350 West Flats Suite 617
West Gregoryton, GU 29518",Y,miles
26,Shelley Freeman,641-05-3198,"791 Freeman Dam Apt. 167
Lake Katrinafort, PR 01136",N,hours
27,James Tran,359-27-7726,"53774 Hardy Inlet
West Justintown, MA 98132",Y,miles
28,Ashley Lambert,813-18-0094,"740 Kerri Grove Apt. 163
Zunigatown, HI 95022",Y,miles
29,Claudia Bowman,324-43-4261,"040 Ho Corner
East Sethstad, RI 08313",N,miles
30,Destiny Dalton,892-62-4784,"4369 Rios Spring Suite 636
West Kayla, SC 79708",Y,miles
31,Mary Crawford,248-30-9655,"07059 Troy Gardens Apt. 108
Port Jason, AK 19926",N,miles
32,Meghan Fowler,640-57-5207,"Unit 5520 Box 8672
DPO AE 60190",N,miles
33,Michael Johnson,257-09-6047,"USCGC Ware
FPO AA 02269",N,hours
34,Connie Barber,859-22-0749,"6816 Collins Junction
North Christopher, MP 23852",Y,miles
35,Kristin Morris,359-97-9182,"411 Catherine Mission Suite 964
South Amanda, HI 39305",Y,miles
36,Marcus Frank,310-82-1062,"50676 Matthew Center
Howardfurt, FM 87135",N,hours
37,Jacob Butler,827-61-7916,"68790 Stone Mews Apt. 973
Stephaniehaven, DE 80256",Y,hours
38,Paul Castro,459-10-0102,"19730 Guzman Glen Apt. 737
Jonathanside, TN 91500",N,hours
39,Deborah Johnson,875-18-0590,"015 Sara Fields Suite 403
West Jonathan, NV 54907",N,miles
40,Donald Stevens,528-14-7007,"474 Margaret Fields
East Kaylaburgh, KS 18369",Y,hours
41,Tracy Harris,067-11-9437,"60260 Mason Ports
South Nicholasberg, PA 59784",N,miles
42,Allen Rodgers,190-43-4741,"2374 Fox Pass
Davidfurt, VT 89093",Y,hours
43,Jesse Weaver,516-37-4879,"2840 Elizabeth Street Apt. 050
West Jamesbury, KY 77768",Y,miles
44,Glen Miles,374-55-6117,"070 Lang Neck
Edwardstad, LA 43925",Y,hours
45,Tracy Cannon,593-05-3645,"30266 Martinez Hollow Apt. 560
Nicolestad, NM 81960",N,hours
46,Tamara Molina,216-72-8955,"341 Bradley View Apt. 101
Lake Nicole, MO 89017",Y,hours
47,Jillian Sanders,559-54-0903,"37944 Summers Knolls Suite 443
Rossmouth, ND 16669",Y,miles
48,Connie Peters,474-15-4489,"4383 Benjamin Mountain Suite 823
South Mark, VT 81065",N,hours
49,Mr. Christian Costa,198-87-5434,"67576 Mendoza Overpass
South Maria, MS 30929",N,miles
50,Jose Ryan,223-76-1808,"0623 Ashley Viaduct
South Jeffreyborough, AS 70004",Y,miles
51,Patricia Hensley,613-83-8326,"7188 Shawn Centers
South Emmamouth, AZ 50016",Y,miles
52,Timothy Cook,891-60-9233,"2526 Herman Burg Suite 041
Blanchardside, MS 45772",N,hours
53,Michael Palmer,220-60-4839,"9233 Holland Fort Apt. 308
Gonzalezhaven, KS 92901",Y,hours
54,Michelle Thomas,319-84-7171,"58449 Brandon Turnpike Apt. 373
Barneschester, FL 07924",N,miles
55,Anthony Carpenter,751-59-7304,"47106 Samuel Valleys
Rubenhaven, PA 02120",Y,miles
56,Richard Jones,010-71-7456,"Unit 9163 Box 8017
DPO AA 12259",Y,miles
57,Deborah Hanson,723-30-0434,"USNV Weber
FPO AE 55280",Y,hours
58,Rachel Davis,460-01-8837,"087 Lisa Street Apt. 290
North Belindamouth, CT 88104",Y,miles
59,Robert Hammond,694-75-5479,"USNS Kelley
FPO AE 62931",Y,hours
60,Donna James,877-35-4181,"88681 Patrick Ranch
Danielleport, VI 46360",Y,hours
61,Brian Gray,698-86-1516,"65467 Quinn Corners
New Jonathantown, AS 20513",N,miles
62,Sandra Fitzpatrick,526-62-8744,"7213 Olson Camp
Kaylastad, CO 71584",N,miles
63,Mary Trevino,506-98-4870,"754 Foley Rapid
East Antonio, HI 10882",Y,hours
64,Hector Munoz,584-12-7475,"2663 Patel Ramp
Port Emilymouth, CT 61137",Y,hours
65,William Huber,547-50-4940,"5591 Elizabeth Underpass
North Brendaburgh, AL 45985",N,miles
66,Michael Carroll,147-70-8675,"Unit 5366 Box 7351
DPO AE 71186",N,miles
67,Deborah Cuevas,635-14-8270,"Unit 3554 Box 4067
DPO AA 26226",Y,hours
68,Larry Allen,073-48-9399,"3024 Andrade Mount
Port Gregory, WY 79817",Y,hours
69,Zachary Harmon,307-86-0718,"65438 Nicole Corners
Jenniferberg, MN 49689",Y,hours
70,Catherine Bolton,315-36-2891,"060 Anderson Vista
East Brittanybury, IL 76762",Y,hours
71,Loretta Dixon,838-41-7944,"24665 Connor Unions Suite 417
New Keith, MP 47287",Y,hours
72,Mr. Jonathan Barrera,685-51-8711,"4703 Jacqueline Fords Apt. 720
Williamborough, AL 45294",Y,hours
73,Caroline Martin,837-11-7046,"4023 Hernandez Motorway
Michaelside, NE 67033",N,hours
74,Jason Ramos,033-92-2232,"955 Victor Lake Apt. 496
Jamieshire, ND 01789",N,hours
75,Vernon Carpenter,650-63-1530,"24290 Greene Plains Apt. 584
Frenchshire, NM 88532",Y,hours
76,Nathan Walker,103-88-1431,"13613 Dalton Neck Suite 576
Jasonbury, PR 90273",N,miles
77,Danny Pierce,328-10-2083,"2947 Mendoza Key Suite 493
Gutierrezmouth, MN 34198",N,miles
78,Jason Martin,335-03-4800,"8449 Robert Track
Karenfurt, ME 76541",N,miles
79,Michael Richardson,695-56-1187,"00481 Natasha Motorway
Lisabury, CA 81159",N,hours
80,Christopher Morgan,348-31-2694,"USNV Mcintyre
FPO AE 78979",N,hours
81,Elizabeth Berry,792-46-1174,"PSC 1521, Box 7303
APO AE 29408",N,miles
82,William Hansen,376-49-7967,"08266 Davis Station
Port Melissa, NE 45644",N,hours
83,Dalton Anthony,782-18-6325,"311 Smith Ridge
East Teresaside, IA 19289",Y,miles
84,Richard Ross,403-44-9522,"7023 Michelle Mission
Port Sue, MD 05473",Y,hours
85,Joseph Rivas,778-78-9618,"0487 Michael Loaf Apt. 172
Obrienton, MD 14520",N,miles
86,Lisa Sanchez,834-40-3472,"6276 Maddox Turnpike
Ortizbury, SC 75568",N,miles
87,Michael Harris,077-82-8229,"8027 Black Mountain Suite 488
Jenniferberg, NH 03129",Y,hours
88,Jessica Morgan,535-27-7623,"Unit 0866 Box 8682
DPO AE 23882",Y,miles
89,John Craig,569-98-7113,"3436 Joann Highway Apt. 076
New Melissabury, ID 29820",Y,miles
90,John Woods,546-34-4334,"382 Gary Rapids
East Michaelfurt, NM 61531",Y,miles
91,Laura Peters,038-63-1745,"8077 Padilla Burgs Suite 916
West Nathan, FM 42238",Y,miles
92,Ashley Taylor,492-92-3671,"3975 Martin Mount
Parrishton, MD 75543",N,hours
93,Mary Vasquez,521-92-9166,"43644 Ricky Branch Suite 835
Jonesfort, PA 93698",Y,miles
94,Karen Rich,416-26-6029,"65228 Katherine Hills Suite 860
Goodmouth, OR 25079",Y,hours
95,Nicholas Martinez,438-36-2846,"USNV Choi
FPO AE 41990",N,hours
96,Mark Cook,215-02-2161,"USNV Morris
FPO AP 00745",Y,miles
97,Julie Brown,377-61-1660,"0576 Garner Underpass
Ramosport, WY 32967",Y,hours
98,Thomas Meyers,094-26-4987,"9942 Taylor Court
Monroeland, ID 35714",Y,miles
99,Mrs. Wendy Reilly,574-50-6717,"20582 Romero Extension Apt. 356
Castanedaland, IN 35126",N,hours
100,Barbara Rodriguez,562-19-4019,"184 Hobbs Roads Apt. 581
Thompsonberg, WA 47411",N,hours
101,Amy Dixon,827-51-7297,"61381 Day Mountains Suite 136
Paynemouth, HI 22541",N,miles
102,Anne Mosley,797-20-0410,"4442 Sanders Village
Meganfurt, DE 69524",Y,hours
103,Johnny Anderson,764-84-6586,"03299 Gilbert Alley Apt. 066
Jenniferhaven, OR 32837",Y,miles
104,Jenna Morgan,079-30-8584,"3022 Jacqueline Row
Angelicaport, MT 28864",Y,miles
105,Jose Palmer,491-65-9733,"685 Patrick Port Apt. 101
North Sarahaven, WI 60043",Y,miles
106,Taylor Woodward,329-35-5588,"39683 Mccoy Stravenue Apt. 597
Lake Carmen, MD 73410",Y,miles
107,Aaron Cross,022-81-3246,"0342 Erica Freeway Suite 753
North Amyberg, RI 38877",N,hours
108,Paul Heath,451-19-2008,"52788 Charles Lake
West Anna, NH 61120",Y,miles
109,Desiree Russo,546-01-5530,"38880 Sanders Views Apt. 472
Glassland, SC 63937",Y,hours
110,Nicole Kramer,309-45-7980,"155 Zachary Ville
Brownchester, VI 71524",N,hours
111,Christopher Pierce,548-31-7822,"PSC 0561, Box 1654
APO AE 89225",N,miles
112,Justin Farrell DDS,391-36-7974,"8859 Price Light
West Lee, MO 08370",N,miles
113,Mark Taylor,080-38-7383,"0908 Neal Mount Suite 351
Codymouth, CT 78966",Y,hours
114,Mrs. Andrea Allen,007-22-5770,"PSC 0741, Box 2558
APO AA 91628",Y,miles
115,Steven Snyder,689-65-7299,"42336 Wood Mount
New Mary, SC 26745",N,miles
116,Kyle Hogan,804-92-0647,"6969 Sarah Coves Suite 836
Walkerville, MT 18337",N,miles
117,John Watkins,374-78-4793,"014 Hull Ramp
Cohenview, HI 78397",Y,hours
118,Anthony Jimenez,474-54-5519,"105 Jeffrey Ville Suite 014
East Alex, KS 86589",N,miles
119,Jim Butler,368-69-4529,"5728 Isaiah Motorway Suite 848
South Adam, OH 68848",N,miles
120,Tracy Carpenter,796-13-0068,"953 Lee Trafficway Apt. 224
Gonzalezmouth, AK 80510",Y,miles
121,Jon Miller,849-98-7731,"2270 Hess Estates
South Teresa, VA 02724",Y,miles
122,Nicole Mueller,332-90-3666,"737 Zimmerman Road Suite 671
Gonzalezton, VA 50511",N,miles
123,John Holloway,336-92-6620,"569 Anne Port Suite 070
Mcneilmouth, GA 43968",Y,miles
124,Janet Hamilton,765-63-9031,"777 Robert Park Suite 996
Woodchester, ND 36046",N,hours
125,Karen Medina,077-70-3188,"14222 Brown Rapid
New Ronald, VT 47477",N,hours
126,Michelle Carson,572-76-3467,"85993 Steele Tunnel
Simsburgh, NJ 59303",N,miles
127,Nicole Wells,367-16-3221,"11969 Christopher Mission
Jamesmouth, AR 98293",Y,hours
128,Jack Matthews,760-31-6874,"2584 Amanda Terrace Apt. 887
North Jonathan, AL 09941",N,miles
129,Russell Newton,606-55-9415,"422 Michelle Valley
East Logan, OR 62667",N,miles
130,Jeffrey Fernandez,485-18-1495,"80985 Kelly Mills Suite 290
Port Courtneyborough, MI 89000",N,miles
131,Kristina Ali,078-43-7420,"3038 Green Way
East Sarah, MT 57437",N,hours
132,Sean Johnston,438-30-0634,"4860 Marie Loop Apt. 569
Perezton, GU 78733",N,hours
133,Alison Patrick,115-09-9138,"835 Kelly Shores Apt. 429
Morganton, PR 74427",Y,miles
134,Angelica Reynolds,346-08-7473,"Unit 7426 Box 9571
DPO AP 51984",Y,hours
135,Andrew Clark,725-98-7578,"21981 George Canyon Apt. 065
Katherineborough, NJ 98279",Y,miles
136,Brandon Cunningham,884-60-9563,"268 Brown Walk Suite 463
Morrowborough, MP 38634",N,miles
137,Amanda Richard MD,316-33-2513,"569 Martin Overpass
South Christopher, WI 07349",N,miles
138,Anthony Morales,637-68-7792,"Unit 9924 Box 3492
DPO AP 05318",Y,miles
139,Jenny York,048-79-6337,"988 Katrina Square Apt. 404
North Jessica, VT 30306",Y,hours
140,Todd Rogers,664-02-3631,"279 Bryan Mills Suite 631
East Brittney, KS 90890",Y,hours
141,Melissa Jordan,875-39-2261,"95857 Kristina Crossing Apt. 391
Orrmouth, TX 25922",Y,hours
142,John Gray,222-96-5060,"0888 Kelly Green
Lake Traceyside, OR 34133",Y,miles
143,Anne Wallace,816-17-2919,"17499 Audrey Street Apt. 616
Pierceberg, WV 85345",N,miles
144,Sarah Palmer,464-91-5983,"55698 Brown Square
Port Lauraville, TX 79179",N,miles
145,Hannah Rodriguez,780-04-8420,"3892 Moore Drives
Dominiquebury, DC 73422",Y,miles
146,Rebecca Smith,283-71-3623,"56769 Brandy Estates
North Renee, MH 17927",N,hours
147,Jeanne Weiss,655-83-7601,"906 Clarence Ridges Apt. 507
Newmanfort, MP 44372",Y,miles
148,Daniel Nguyen,015-21-7276,"107 John Drives
East Wanda, CO 50338",Y,hours
149,Amy Taylor,174-46-8256,"913 Bradley Freeway
East Courtneyfort, ND 31678",Y,hours
150,Thomas Olson,401-38-9181,"017 Johnson Estates
Port Williammouth, IN 60732",Y,miles
151,Raymond Vargas,420-89-8706,"33520 Ramirez Harbors Apt. 212
Jenniferland, VA 23566",Y,hours
152,Natalie Nicholson,743-84-7718,"7440 Donna Junction
Michelletown, NV 36523",N,miles
153,Laura Banks MD,663-76-9801,"967 Johnson Summit
Port Amy, GA 78866",N,hours
154,Brenda Green,852-74-0835,"664 Goodman Mountain Suite 793
Danatown, SD 87037",Y,hours
155,Thomas Davis,505-07-7672,"150 Harrison Roads
Pittmanfort, OH 86137",Y,miles
156,Diana Allen,251-24-8834,"89855 Lewis Via
Clarkland, MI 53835",N,hours
157,Logan Wright,250-76-4450,"75148 Tucker Trail
Port Bill, FL 91112",Y,miles
158,Donna Parker,322-24-4422,"023 West Plaza
Monroeside, DC 22850",N,hours
159,Lisa Smith,035-51-3875,"0864 Christopher Mall Suite 189
Westchester, OR 34850",N,hours
160,Carly Oliver,868-23-3918,"700 Julie Harbors Suite 074
Michelletown, NV 03113",N,hours
161,Julia Peters,229-55-2734,"6858 Monica Parks Suite 059
South Melanie, ME 66003",Y,miles
162,Jeffrey Rodriguez,502-54-8108,"7030 Frank River
South Codyburgh, IN 65300",N,hours
163,Regina Mathews,091-72-6455,"900 Proctor Pine
South Denise, KY 85277",N,hours
164,Jill Petersen,645-43-8496,"4846 Carlson Court Apt. 796
Williamshaven, MP 73994",N,hours
165,Erin Goodman,810-81-9582,"Unit 4469 Box 0963
DPO AA 10038",Y,hours
166,Jared Hall,442-32-4708,"07514 Porter Points Apt. 029
East Jason, PA 28051",Y,hours
167,Shannon Lawson,088-34-0951,"82897 Davis Brook Suite 329
Eugenestad, VT 34409",N,hours
168,Sarah Morgan,701-06-1497,"86753 Wanda Stravenue Suite 253
Danielchester, CO 47237",N,miles
169,Kevin Murphy,487-66-6112,"2943 Robert Trace
East Tonifurt, WV 36888",Y,miles
170,Michael Smith,670-56-4102,"8068 Courtney Greens Apt. 857
Christopherside, SC 74155",N,miles
171,Matthew Walton,871-77-7352,"98769 Wilson Via
Port Richardberg, WV 00502",Y,hours
172,Juan Clark,630-03-2548,"2986 Lindsay Heights Suite 639
New Deanview, AS 50380",Y,hours
173,Donna Burke,034-53-5227,"436 Grant Stravenue
Port Jerry, MP 95640",N,hours
174,Kristopher Nelson,525-67-3169,"4096 Rebecca Groves
Hinesport, TX 90840",N,hours
175,Daniel Porter,573-52-4058,"0938 Young Club
Laurenbury, AK 39792",N,miles
176,Dr. Timothy Pope Jr.,504-70-2428,"5549 Jennifer Corners
Dennisfort, TN 87182",N,miles
177,Charles Rodriguez,155-65-1197,"77324 Smith Canyon Suite 620
South Wesleyfort, KS 56701",N,miles
178,Donna Green,079-42-2291,"Unit 9827 Box 0485
DPO AA 33307",N,miles
179,Leah Gilmore,551-96-7526,"61348 Griffin Square Suite 586
East Nancyfurt, ND 47754",Y,miles
180,Sandra Richardson,054-41-9294,"462 Catherine Spur
Butlermouth, ND 76096",Y,hours
181,Richard Harris,256-62-6820,"37376 Mcbride Ridges Suite 823
Lake Jennifer, GA 50404",N,miles
182,Amanda Briggs,295-34-5111,"59246 Boyer Plaza Apt. 827
Dominiqueview, WA 32657",N,hours
183,Erin Barrett,551-07-7017,"16039 Lori Light
Vasquezchester, OH 08224",Y,miles
184,Emily Jordan,493-48-1270,"6055 Torres Isle
West Kellybury, MP 09977",Y,hours
185,Annette Carroll,120-05-3883,"018 Melody Trafficway Suite 627
Kimberlychester, DE 55604",Y,miles
186,Kristin Trevino,081-20-0327,"69355 Brown Spring
Darryltown, NY 12249",Y,hours
187,Annette Bell,404-91-0720,"USNV Mckenzie
FPO AA 67095",Y,miles
188,Geoffrey Wright,397-01-7599,"40788 Weaver Inlet
Lake Charleschester, PW 79086",Y,miles
189,Mikayla Anderson,267-50-7974,"326 Linda Point
West Kevin, CA 19195",Y,hours
190,Kayla Morris,800-04-7097,"92469 Matthews Port
North Tasha, ME 70748",Y,hours
191,Christopher Webb,688-65-9110,"63025 Thompson Fort Apt. 426
South Jessica, WI 69126",Y,miles
192,Heidi Johnson,181-56-3005,"2388 Lisa Curve Suite 178
Port Mary, NV 88236",Y,hours
193,Katherine Cline,660-74-4537,"870 Howard Well Suite 694
Foxbury, OK 46973",Y,hours
194,Joshua Sullivan,611-73-1554,"USNS Cole
FPO AE 04813",Y,miles
195,Jacob Baldwin,092-79-8941,"255 Jason Inlet
Lake Chrischester, NM 99028",N,hours
196,Amber Marshall,229-11-4621,"13221 John Divide Apt. 637
Mooreshire, DC 22495",N,hours
197,Dylan Perry,544-52-9489,"65794 Weeks Greens
Thomasstad, WY 52131",Y,hours
198,Leah Parker,877-13-4831,"291 Andrew Harbors
Shirleystad, IN 29451",N,miles
199,Ashley Sawyer,329-30-8867,"62205 Laurie Port
Wagnerview, WV 01010",N,hours
200,Christopher Anderson,417-40-7999,"3248 Lori Bridge
Melissahaven, WA 74682",N,hours
201,Allison Gomez,641-61-8920,"5672 Tonya Drive
Alexanderside, TN 34526",N,hours
202,Sarah Carpenter,252-84-3278,"2358 Kennedy Parks Apt. 130
Lake David, AZ 01442",N,miles
203,Carolyn Stevenson,307-84-9068,"12233 George Mission
Gutierrezburgh, RI 50308",N,hours
204,Elizabeth Wagner,247-63-1772,"821 Jackson Pines Apt. 096
Evansview, AS 12065",Y,hours
205,Alan Grant,369-51-2183,"9214 Ariel Knoll
Lake Robinland, MD 16808",Y,hours
206,Paul Freeman,356-77-1976,"019 Matthew Valleys Suite 013
Ashleyview, MO 16814",Y,hours
207,Megan Patton,826-04-0781,"PSC 0940, Box 7684
APO AP 68894",N,hours
208,Rebecca Webb,408-20-4148,"74997 Martin Square
Sarahbury, WA 48237",N,hours
209,Mary Roberts,692-18-0810,"7332 Keith Gateway
Brianhaven, MT 19583",Y,miles
210,Amy Gonzalez,293-52-3781,"57532 Sherri Camp
Port Annaside, MA 35986",N,miles
211,Karina Torres,473-52-0230,"4219 Whitehead Tunnel
Lake Emily, IA 85531",N,miles
212,Julie Bennett,241-60-0297,"0515 Stein Radial Apt. 847
West Jenniferberg, VT 15023",Y,hours
213,Dawn Miles,298-24-4614,"1357 Johnson Square Apt. 141
West Thomasville, LA 67155",Y,hours
214,Whitney Sullivan,204-72-0371,"9049 David Spur
Steventon, DE 27925",Y,hours
215,Micheal Phillips,075-58-3055,"404 Anne Prairie
Jenkinsbury, NH 98641",N,hours
216,Kristopher Suarez,047-75-7686,"74785 Mccarty Groves Apt. 402
Willisfurt, CT 86807",Y,miles
217,Shawn Allison,069-96-2442,"86447 Douglas Plain
Sarahport, KY 38337",Y,miles
218,Michael Reyes,480-38-5269,"9515 Julia Corner
Marystad, WI 54830",Y,hours
219,Oscar Long,632-22-6912,"2580 Elaine Hills Suite 156
East Blakeborough, AL 45811",N,miles
220,Janet Beck,664-61-1605,"919 Roberts Pass
South Nicole, VT 95375",Y,miles
221,Christopher Patton,554-51-6492,"5106 Meyer Harbors Suite 299
East Gloria, UT 31238",Y,miles
222,Denise Alvarez,705-44-5585,"914 Alvarado Union Apt. 526
Justinchester, AZ 97452",Y,miles
223,Jesse Rich,825-27-4266,"5204 Salazar Roads
Tracishire, OR 53589",Y,miles
224,Jennifer Davis,231-06-3361,"8133 Grant Key Apt. 960
Port Johnport, NJ 22142",Y,miles
225,Karen Shaw,324-66-0519,"5795 David Ports
Port Erinfort, WY 14967",N,hours
226,Pamela Burnett,002-53-2396,"510 King Drive
Danielchester, CA 88707",N,miles
227,Tracey Gutierrez,821-07-7750,"PSC 7900, Box 8884
APO AP 49907",Y,miles
228,Nicole Taylor,385-64-4335,"44758 Stephanie Stravenue
Hoovershire, FM 83487",Y,hours
229,David Williams,462-78-2805,"450 Flynn Meadow Apt. 397
Turnertown, NV 71945",Y,hours
230,Tamara Henderson,791-69-3245,"835 Laurie Garden Suite 382
Shortmouth, MD 27601",Y,miles
231,Monica Brown,125-24-6000,"USNS Mitchell
FPO AE 55079",N,hours
232,James Becker,611-15-2629,"84012 James Island Suite 984
South George, CA 88625",N,hours
233,Jacqueline Smith,389-34-4717,"99961 Ford Ports Suite 674
Patriciatown, MH 59968",N,hours
234,Larry Smith,831-47-2497,"Unit 6141 Box 0930
DPO AA 58283",Y,hours
235,Steven Cline,651-59-4843,"260 Patrick Prairie Suite 467
South Bruce, AZ 20086",N,hours
236,Mackenzie Roberts,150-38-5173,"9884 Andrea Lodge Suite 751
Charleston, MA 06340",Y,hours
237,David Young,033-36-0434,"955 Phillips Greens
North Denisetown, MA 46505",N,hours
238,Jonathan Lester,411-48-3877,"92046 Lisa Junction Suite 819
West Jaclyn, TN 02042",N,hours
239,Lawrence Caldwell,598-40-9684,"19042 Ricky Mission
Danabury, PA 31032",N,hours
240,Andrew Rogers,561-65-5466,"57570 Marcus Walks Suite 967
Shawnmouth, IN 86385",N,miles
241,Brenda Green,431-75-1063,"4973 Karen Squares Apt. 126
Danielfurt, MA 75454",N,miles
242,Tyrone Davis,421-26-6808,"97922 Long Rapids Suite 590
Watsontown, AK 63555",Y,miles
243,Alison Miller,175-37-6353,"537 Hicks Street
New Alisha, ME 83985",N,hours
244,Hailey Foster,002-06-0722,"42774 Sarah Glen
Snydertown, AZ 62282",Y,miles
245,Holly Brooks,207-61-5429,"81118 Carl Curve Apt. 874
New Glendamouth, FL 04407",N,hours
246,Aaron Fernandez,396-64-8867,"7154 Townsend Shoal Apt. 623
Millerberg, MH 20989",N,hours
247,David Holland,373-99-2125,"02564 Andrew Mews Apt. 495
Terriland, MA 39934",N,hours
248,Andrew Martinez,365-27-0536,"84770 Samantha Gateway
Morrismouth, FL 22082",Y,hours
249,Cathy Mendoza,424-72-9438,"606 Ryan Land
East Marieville, AL 12026",N,hours
250,Jorge Young,358-55-8214,"91232 Stephanie Wells
East Jerrymouth, WI 41614",N,hours
251,Ryan Ramirez,338-16-2777,"USNV Richardson
FPO AP 09626",N,hours
252,Richard Mcdonald,141-01-1660,"96925 Baker Parkways
Wesleyland, OR 37443",Y,miles
253,Bruce Baker,866-67-6841,"Unit 1034 Box 8611
DPO AP 94561",N,hours
254,Natasha Roberts,746-08-9977,"PSC 9411, Box 3265
APO AE 77972",N,hours
255,Adam Cook,588-04-6330,"01287 Sarah Hills
Port Carolborough, NH 32556",N,hours
256,Robert Price,682-31-9606,"58260 Leonard Terrace
Joycemouth, MT 57234",Y,hours
257,Derrick Wyatt,293-20-9202,"67550 David Prairie Suite 811
South Melindaland, AS 65461",N,hours
258,Ray Gregory,539-24-2394,"071 Nathan Crest
New Carolynfurt, MA 12240",N,miles
259,Nichole Abbott,155-83-2412,"2973 Crystal Drives Suite 723
Lake Adamton, HI 33859",Y,hours
260,Scott Johnson,870-89-3833,"95669 Cruz Squares Apt. 159
Alexisland, MN 35352",Y,miles
261,Krystal Marquez,649-30-2366,"Unit 8117 Box 3268
DPO AA 99582",Y,miles
262,Jamie Harrison,162-74-5203,"94035 Pamela Street
Perkinsview, WA 68548",N,hours
263,Kevin Hart,428-24-7941,"769 Susan Trace Apt. 189
Washingtonborough, PW 58064",N,hours
264,James Reed,072-13-3645,"91548 Padilla Junctions Apt. 776
North Abigailside, CO 61616",N,hours
265,Frank Moore,630-08-9637,"44451 Julia Forge
North Sandra, WI 62912",Y,hours
266,James Crawford,041-25-0482,"9918 Ernest Route
West Amber, VT 62998",Y,miles
267,Martha Knight,662-03-9097,"07004 Jennifer Prairie
South Eddie, MS 15805",N,miles
268,Lucas Berry,644-56-9377,"1097 Tina Inlet
South Danielside, MH 96117",N,hours
269,Shannon Watson,361-71-9696,"73326 Dominic Orchard
Dennishaven, HI 00527",Y,hours
270,Cheyenne Atkins,067-16-4693,"345 Ford Garden Apt. 553
South Seth, MS 66976",Y,hours
271,Michael Dean,340-64-3679,"8463 Patel Curve Suite 216
Jenningsfort, CO 97151",N,hours
272,Michael Howard,023-84-6953,"PSC 0258, Box 2383
APO AE 63491",Y,miles
273,Loretta Fitzgerald,572-10-1927,"26140 Austin Mission
North Kelly, CO 30168",N,miles
274,David Crawford,259-35-9779,"PSC 2417, Box 1657
APO AP 34061",N,hours
275,Cheryl Dudley,610-52-4846,"085 Chad Extensions Suite 344
East Mitchellhaven, NM 24418",Y,miles
276,Christopher Sharp,060-65-8229,"9742 Paul Club
East Kimberly, ID 29138",N,hours
277,Lauren White,621-55-1546,"4361 Theresa Plaza Suite 223
Johnsonland, ND 00546",Y,hours
278,Dr. Bruce Griffin,864-11-4621,"85945 Emily Trace
Travisland, GA 76179",N,miles
279,Daniel Dennis,673-18-8005,"93328 Tyler Route Apt. 910
Port Philip, VT 60119",N,hours
280,Antonio Brown,232-40-1599,"USCGC Hunt
FPO AA 88832",Y,hours
281,Amanda Green,546-98-8716,"4832 Alexa Green Suite 790
Nicholasfort, WI 75566",N,miles
282,Thomas Flowers,445-42-9926,"24398 James Well
North Bobbyfurt, FL 15675",N,hours
283,Leslie Jones,001-10-2398,"USNV Young
FPO AA 24370",Y,hours
284,Jill Floyd,390-79-5946,"5323 Jackson Hills
West Rachelside, WV 05377",Y,hours
285,Dr. Michael Gentry,169-56-7044,"93282 Johnson Grove
New Stevenfurt, MS 50308",Y,hours
286,Debra Anderson,079-60-4599,"4046 Elizabeth Ferry Apt. 781
Gilesland, GU 38643",Y,hours
287,Russell Brooks,741-10-0370,"22213 Brown Meadows
Davisberg, KS 18429",N,miles
288,Kimberly Shah,160-76-7240,"889 Obrien View Suite 785
Batesport, SC 54357",N,miles
289,Angela Chambers,214-56-0286,"007 Kathleen Loop
Gregoryside, WV 04070",Y,hours
290,Karen Peters,875-53-6129,"4848 Michelle Cliff Suite 113
Jorgefurt, GU 37785",Y,hours
291,Victoria Bell,690-49-6661,"3996 Hansen Court Apt. 931
Morganborough, UT 33261",N,hours
292,Brenda Reid,626-19-4967,"995 Jeremy Greens Apt. 688
Bethhaven, NE 70061",Y,miles
293,Daniel Reilly,856-38-5381,"7422 Holland Motorway Suite 350
Doughertyland, PA 99505",N,hours
294,Travis Black,200-70-2795,"91376 John Overpass Suite 310
North Lucasberg, VT 26921",Y,hours
295,Joshua Bolton,351-27-6607,"03528 Cheryl Fields
Charlesfort, AS 65216",Y,miles
296,Melissa Green,274-44-0168,"0474 Gabriel Road
Seanview, MH 42924",N,miles
297,Jennifer Vega,854-50-8209,"77928 Theresa Walks
Nunezton, FL 64647",N,miles
298,Albert Young,401-71-3990,"7339 Marco Meadow
East Amanda, HI 22568",Y,hours
299,Alexander Stewart,498-68-7954,"PSC 4402, Box 8601
APO AP 91857",Y,miles
300,Jason Wyatt,088-45-8610,"1429 William Ferry
Martinstad, MD 65672",N,miles
301,Matthew Miles,289-47-7961,"43178 Lester Dale
Lake Candice, WA 44976",Y,miles
302,Mr. Trevor Foster,777-79-5690,"55384 Christopher Cliff Suite 788
Heathermouth, TN 81830",N,hours
303,Amanda Byrd,096-62-7381,"22497 Danny Hills Apt. 199
Lake Michaelport, WY 23107",Y,miles
304,Kayla Bautista,669-52-9532,"0170 Garner Tunnel Apt. 748
Whiteshire, MS 03748",N,miles
305,Gary Huerta,223-58-6810,"0573 Todd Inlet
Wilsonmouth, NH 66543",Y,hours
306,Eric Gray,444-79-1471,"609 Edwin Springs Apt. 912
Port Brenda, AS 78464",N,miles
307,Cynthia Chapman,708-39-6525,"PSC 8406, Box 0142
APO AE 83162",N,hours
308,Ashley Ross,667-24-4582,"2099 Mcconnell Locks
Jimenezton, DE 90684",N,hours
309,Tiffany Rush,574-97-4943,"PSC 1715, Box 5597
APO AP 63999",Y,miles
310,Michael Gutierrez,421-98-9889,"15712 Andrea Divide
North Matthew, RI 32243",N,hours
311,Jeffery Olson,691-30-0045,"6376 Baker Crossing
South Carolinebury, ND 70072",N,hours
312,Ryan Marshall,245-04-9701,"1395 Campbell Ports Suite 577
Richardhaven, FL 61692",N,hours
313,Justin Irwin,797-53-8893,"6436 Patricia Divide Apt. 381
Hendricksmouth, CO 96162",Y,miles
314,Carrie Young,176-78-6765,"354 Watson Course
Port Brent, AK 21714",N,hours
315,Robin Perez,448-18-2418,"5136 William Circles Apt. 005
Gonzalezfort, GA 29972",N,hours
316,Wendy Dawson,691-57-4812,"5409 Linda Squares
West Christopherborough, AR 76327",N,hours
317,Benjamin Lewis,688-87-4312,"7530 Mcguire Wells Suite 424
New Ricky, LA 69194",Y,hours
318,Joseph Schneider,382-03-2867,"229 Craig Lane
Port Dawn, WY 05034",Y,hours
319,Lisa Turner,526-06-9521,"144 Lauren Parkways
Port Ronaldburgh, GA 57144",N,miles
320,Crystal Adams,763-28-6403,"0376 Katherine Corner Apt. 542
South Jackville, MD 44848",Y,hours
321,Joe Velasquez,848-93-1194,"Unit 2637 Box 1273
DPO AE 26971",Y,hours
322,Jessica Smith,330-26-9805,"26527 Wood Underpass
West Danielleborough, WV 45446",N,hours
323,Andrea Stanton,566-99-5037,"80089 Estrada Islands Suite 564
New Daniellehaven, MD 98361",Y,hours
324,Scott Copeland,677-30-0925,"742 Chad Mission
Linport, MT 83929",Y,hours
325,Doris Cruz,275-74-2022,"089 Nguyen Lodge
Sarahfurt, ID 56564",Y,miles
326,Kendra Stephenson,558-30-7914,"942 Burgess Drives
Lake Adam, ID 98307",N,hours
327,Becky Rodgers,583-99-8246,"869 Sophia Crossing
Jamesmouth, WI 47331",N,miles
328,Melissa Hall,807-31-4790,"845 Lane Parkway
Ramirezborough, MT 15859",Y,hours
329,Ashley Rojas,423-40-8451,"34167 Watson Vista Suite 926
Daviston, NC 56890",N,hours
330,Mark Evans,630-56-5049,"749 Snyder Groves
Ramirezport, SC 66949",Y,hours
331,Elizabeth Jimenez,623-52-6907,"185 Ryan Lakes Apt. 882
Maryview, NH 81910",Y,miles
332,Patricia Ward,652-62-6577,"9616 Jay Unions
Williammouth, PR 11413",Y,miles
333,Tyler Wheeler,453-29-9167,"5021 Morrison Rest Suite 139
Moniqueland, RI 38317",Y,hours
334,Jesus Li,418-40-5257,"7271 Ferrell Ville Suite 291
West Christopher, DE 48428",Y,miles
335,Tammy Schneider,201-58-1564,"98624 Miller Ramp Apt. 632
Aaronton, VA 36401",N,miles
336,George Calderon,395-48-0068,"94906 Andrea Rapid Apt. 099
New Jonathan, TN 08840",Y,hours
337,Carlos Martin,607-67-3631,"175 Garcia Lights
Smithshire, PA 69975",N,hours
338,Troy Cooper,860-60-4384,"22850 Martin Ferry Apt. 760
North Michaelshire, MS 05336",N,miles
339,Francisco Davis,059-34-3810,"Unit 0940 Box 6703
DPO AA 30136",N,hours
340,Wendy Jones,038-19-2785,"PSC 7386, Box 0090
APO AP 52189",Y,hours
341,Jason Espinoza,232-82-6788,"1633 Cummings Pine Apt. 353
Kennedytown, PW 36457",Y,miles
342,Alison Edwards,335-17-8896,"3942 Sanchez Court
West Laura, AK 52259",N,hours
343,Rhonda Lara,874-67-8328,"42852 Cooper Viaduct
East Josephfurt, TN 26759",Y,miles
344,Donna Watts,606-81-3800,"99587 Gina Expressway
Port Jacob, CO 07881",Y,miles
345,Cheryl Banks,120-24-2780,"97917 Dunlap Fords Apt. 808
Steeleborough, AR 60459",Y,miles
346,Dominique Cochran,487-99-6015,"91309 Koch Shore
East David, NV 91940",Y,hours
347,John Garrett,813-09-3737,"USS Snyder
FPO AA 22993",Y,hours
348,Dwayne Rogers,830-66-7745,"PSC 1422, Box 7780
APO AE 92127",N,miles
349,Jennifer Wilson,725-12-8288,"5714 Michele Mills Apt. 056
New Teresa, HI 85737",N,hours
350,Alfred Malone,750-74-7030,"4139 Weber Divide
West Elizabeth, SC 17285",Y,hours
351,Julie Moore,345-44-7997,"8868 Cassandra Divide
Jonesview, WY 28754",Y,hours
352,Mark Jones,732-85-5252,"674 Martinez Trace
East Ericport, IN 53240",Y,miles
353,Katherine Baker,544-54-7036,"2277 Brown Shores
Rachelton, MP 16579",N,miles
354,Jeffrey Vargas,795-81-2260,"5450 Ross Landing
Gregorytown, NM 03301",N,miles
355,Heather Lee,022-87-9915,"23596 Woods Dam Apt. 024
Richardsonhaven, OH 56141",Y,miles
356,Tim Johnson,684-13-0468,"842 Robbins Cliffs
East Brettport, OK 59164",N,miles
357,Eric Navarro,055-84-6986,"USCGC Jones
FPO AA 03014",N,hours
358,Bradley Price,597-81-5713,"037 Tiffany Trail
Kingborough, WI 07227",N,miles
359,Ashley Wilson,178-13-0942,"135 Campbell Burgs Apt. 549
Dominicview, NM 54417",Y,miles
360,Steven Beasley,572-19-7064,"65810 Rachel Stravenue Apt. 493
Shannonton, GA 43194",Y,miles
361,Ronald Harris,777-27-3510,"PSC 9133, Box 4196
APO AP 29665",N,hours
362,Kim Gonzalez,311-34-9823,"2732 Justin Run
Curtisland, FM 38423",N,hours
363,Elizabeth Horne,757-38-4955,"227 Edwards Bridge
South Christopherside, MD 97533",N,miles
364,Robert Sheppard,814-48-8851,"7056 Sarah Island
Jamesbury, NC 94612",Y,miles
365,Sue Graham,704-80-0852,"81406 Le Fords
Bowenmouth, GA 37681",N,hours
366,Stephen Stevenson,713-76-5700,"17071 Maxwell Streets
New Alexander, AK 28843",Y,hours
367,Katherine Hamilton,009-07-6476,"2697 Kristin Square
Cainstad, WI 45093",N,miles
368,Marcus Lee,836-68-5994,"228 Lance Drive Apt. 840
South Douglas, SC 86816",Y,hours
369,Jaime Griffith,685-36-9623,"458 Hodge Pass
Lake Tina, MN 48076",N,hours
370,Michael Chandler,559-47-4719,"Unit 6440 Box 2364
DPO AE 38338",N,hours
371,Paige Zamora,434-08-9088,"235 Richard Squares
South Josephmouth, NH 05589",N,miles
372,Denise Garcia,808-14-1921,"657 Barber Mountains Apt. 803
West Lindsay, WY 26433",N,hours
373,Stephen Smith,464-55-6453,"35706 Cheryl Estates
Lake Gloriaville, VI 05649",N,miles
374,Adam Whitehead,233-84-1321,"15980 Flores Burg
Lake James, CT 79628",Y,hours
375,Luis Garcia,005-96-1705,"04308 Andrew Estate Suite 096
East Amanda, NM 64762",Y,miles
376,Brittany Ramirez,652-26-9991,"05405 Marquez Village
West Margaretview, SC 13167",Y,hours
377,Mary York,376-87-4364,"80164 Smith Forge
Port Adriana, CO 93965",N,miles
378,Molly Thompson,229-01-7039,"36370 Jillian Land Apt. 753
East Scotthaven, HI 67063",Y,hours
379,Nicole Scott MD,687-57-3725,"4559 Katie Flat Suite 465
Griffinstad, IL 22461",N,miles
380,Jessica Hernandez,866-92-7080,"14509 Rebecca Common Suite 008
North Samuelstad, VI 75919",Y,hours
381,Kyle Davis,863-26-3197,"5274 Huff Flats Suite 401
Burkeborough, UT 07474",Y,miles
382,Stanley Davis,611-25-6925,"170 John View
Johnborough, OK 44690",Y,hours
383,Joseph Nelson,676-68-2905,"902 Donald Spring Apt. 595
South Joseph, NC 46905",N,miles
384,Janet Smith,816-97-3467,"5721 Elizabeth Fields Suite 083
New Sherryfort, MP 68248",Y,miles
385,Wyatt Perkins,510-14-7766,"9832 Warner Spur
New Johnny, NJ 83761",N,hours
386,Rachel Hall,407-03-6792,"976 Stevens Path
Sandraborough, NM 93962",Y,hours
387,Shawn Gomez,722-78-6488,"8408 Grant Mountain
South Lisa, AS 76150",Y,hours
388,Brittany Robinson,188-79-6493,"747 Tyler Squares Suite 412
Richardborough, ID 99594",N,hours
389,Michelle Morales,416-11-0453,"7977 Wright Trail Suite 786
New Erica, OH 45680",N,miles
390,Victor Dawson,104-93-9269,"49808 Tara Turnpike
East Ashley, WV 35547",Y,hours
391,Kaitlyn Brown,259-56-7430,"2354 Larsen Mountain
Lake Philip, MD 68844",Y,hours
392,Faith Wright,029-05-7649,"Unit 0589 Box 1158
DPO AP 89015",N,miles
393,Rebecca Morris,061-37-1391,"699 Patrick Spurs Suite 226
Veronicaton, MO 25332",N,hours
394,Richard Porter,005-94-0200,"USNS Solomon
FPO AE 37823",N,miles
395,Micheal Flowers,175-04-9882,"1251 Ana Ports Apt. 976
Wyattton, NV 59040",N,hours
396,Daniel Hill,054-72-8286,"0493 Colin Avenue Suite 274
New Michealmouth, MN 28280",N,miles
397,Steven Kemp,801-08-5419,"65043 Tucker Vista Suite 860
Lunabury, NC 50831",Y,miles
398,Erin Webster,459-68-4413,"2013 Kevin Fort Apt. 174
Alyssahaven, AR 80409",N,miles
399,Michael Martin,298-05-9669,"5962 James Roads
Josephfort, ID 55896",N,miles
400,Carolyn Johnson,439-70-2365,"095 Joshua Rapid Suite 055
Diazhaven, AZ 41717",N,hours
401,Karen Peterson,321-96-9432,"64827 Herrera Road Suite 381
Blakeburgh, VI 48020",Y,hours
402,Joseph Lowery,074-99-2202,"013 Larsen Well Suite 852
Haydenport, NC 61920",Y,miles
403,Cristian Medina,189-07-2326,"PSC 8738, Box 2517
APO AP 30757",N,miles
404,Darrell Green,505-39-6450,"10579 Walls Ferry Suite 179
Youngfort, GU 74042",Y,miles
405,Crystal Lee,363-85-8134,"50597 Richards Canyon Suite 132
Thomasmouth, DC 61751",N,hours
406,Mr. Jason Griffin,752-99-0057,"341 Nathan Mills Apt. 738
Angelahaven, MD 32955",Y,miles
407,Christine Klein,093-71-9567,"01082 Howe Views
North Jeffreyfort, CO 54978",Y,miles
408,Matthew Smith,064-09-9710,"57215 Angel Pike Apt. 764
East Timothy, VT 73341",N,hours
409,Victor Salazar,678-04-4622,"640 Dunn Inlet
Fletcherburgh, NJ 46872",Y,miles
410,Steven Bell,689-59-5856,"5668 Wilson Lakes Apt. 651
Brayview, VT 63186",N,miles
411,Stephen Quinn,461-66-3202,"523 Daniel Lodge Suite 466
Gregoryburgh, IA 08960",Y,miles
412,Samantha Rivera,388-96-2882,"91118 Watson Well Apt. 053
South Shannon, HI 70579",Y,hours
413,Katelyn Thompson,712-87-4441,"PSC 2215, Box 9853
APO AP 30110",N,hours
414,Jesse Mckee,483-57-2792,"928 Adam Junction Apt. 774
Riveraborough, NJ 30019",Y,hours
415,Taylor Murphy,320-30-8502,"6030 Natasha Creek
Jessicamouth, AZ 32491",Y,hours
416,Christian Ashley,031-15-7826,"14220 Jessica Harbors
West Michael, DE 28302",N,hours
417,Kaylee Hart,136-14-6027,"Unit 3717 Box 9727
DPO AP 49528",N,miles
418,Arthur Dyer,693-52-2845,"167 Jared Square
North Karifurt, NM 95707",N,miles
419,Christopher Odonnell,363-18-4101,"691 Shane Island
Julieland, AR 04734",N,miles
420,Amanda Lawson,758-24-3376,"05802 Dennis Knoll
Smithview, VT 35205",N,hours
421,Natalie Wong,740-27-9919,"51217 Vincent Brook
Wilsonhaven, WA 18952",Y,miles
422,Kara Young,848-76-2639,"8762 Jacqueline Islands Suite 554
Port Angel, MA 71176",Y,miles
423,Kurt Lozano,766-63-2094,"41095 Glen Mills Apt. 973
East Christopherstad, TX 88801",N,hours
424,Margaret Torres,388-06-9051,"9870 Pena Garden Suite 476
Thomasside, PA 65080",Y,miles
425,William Raymond,452-24-5981,"PSC 8591, Box 3489
APO AE 46352",Y,hours
426,Donna Cruz,012-91-0685,"31854 Douglas Glen Apt. 782
West Ashleytown, MH 68182",Y,miles
427,Dylan Mckenzie,284-43-9624,"0767 Angela Summit Apt. 113
Andrewsberg, SD 90760",N,hours
428,Haley Adams,834-21-3444,"5090 Ann Square Apt. 877
Laurenborough, OR 90319",N,hours
429,Marisa Smith,324-31-6837,"24183 Christopher Avenue Suite 706
Vincentstad, NH 89997",Y,hours
430,Nicole Scott,717-34-1912,"24392 Johnson Keys Apt. 807
Leetown, NH 48429",Y,hours
431,Rita Rivera,150-02-6740,"5154 Teresa Ferry
West Daniel, TX 84038",Y,hours
432,David Wood,588-66-0568,"23581 Kelsey Curve Suite 449
North Jordanchester, FM 69575",N,hours
433,Catherine Smith,003-14-8524,"PSC 7880, Box 8590
APO AP 69577",Y,hours
434,Jody Moss,341-87-1444,"0567 Carly Hills Suite 314
Mooreview, MH 05079",N,hours
435,Eric Garcia,539-49-1013,"8108 Wu Rest
Lake Katherine, MD 73357",Y,miles
436,Dr. Kaitlyn White,641-78-9753,"85917 Hayden Forges
Davistown, MN 55101",Y,hours
437,Mckenzie Baird,623-06-0323,"9297 Zuniga Fords Suite 912
Roberttown, MP 27510",N,hours
438,Carl Whitney,623-34-1997,"78851 Carrie Station Apt. 238
East Cynthia, MI 64893",Y,miles
439,Nicholas Hughes,681-81-0263,"45996 Rebecca Ports
Ashleyburgh, WY 39434",N,hours
440,Jessica Williams,747-82-4661,"4231 Karen Trafficway
Markland, SD 25794",N,hours
441,Lisa Esparza,093-50-1593,"94509 Schultz Spur Apt. 064
New Melanieside, CT 87523",N,hours
442,Devin Hendricks,858-09-5091,"956 Bruce Court Apt. 856
Port Elizabethtown, TX 89911",Y,miles
443,Tina Hart,426-72-3574,"024 Suarez Coves Suite 880
South Charlesport, MS 47893",N,hours
444,Juan Sanders,714-88-1620,"23873 Reeves Harbors Suite 692
Morrowhaven, PA 69919",Y,hours
445,Wesley Duffy,437-89-0541,"09639 Lori Field Apt. 979
Sanchezfort, AL 26572",Y,hours
446,Christopher Barnett,538-20-6561,"2272 Vazquez Corner
South Royfort, VT 63142",Y,hours
447,Grace Rodriguez,847-93-8814,"50004 Ronald Gardens Apt. 821
West Sean, WA 38172",N,hours
448,Shane Avery,812-58-5309,"421 Jessica Square
New Jeremy, MA 48402",Y,miles
449,Jessica Jimenez,208-65-4662,"Unit 6943 Box 7111
DPO AP 82019",N,miles
450,Alexander Glass,487-03-3661,"57504 Bullock Lights Suite 627
Lake Davidland, MA 51992",N,miles
451,Tammy Lewis,111-99-6895,"28026 Brandon Ports
Mcintyreland, PA 41381",N,miles
452,Alyssa Soto,406-02-5447,"999 Cooper Glen
Wongview, NC 87742",Y,miles
453,Dr. Jasmine Wright,295-12-6994,"67951 Martinez Loop
Amberview, WV 64692",N,miles
454,Stephanie Armstrong,845-87-1204,"7192 Ford Gardens
Julieburgh, IN 24543",N,hours
455,Tony Harris,009-83-1404,"08929 Taylor Mountain Suite 922
Floresfurt, ME 24335",Y,hours
456,Maureen Stephens,154-07-6337,"983 Brianna Vista
West Michelleberg, AZ 20538",Y,miles
457,Amy Dominguez MD,170-29-4244,"30269 Elizabeth Center
Julieside, IA 15467",N,hours
458,Jennifer Bailey,367-21-1970,"51619 Tracy Hill Apt. 742
Nicholsstad, NE 51831",Y,miles
459,Jasmine Norris,555-69-8776,"376 Juan Bypass
North Kevinmouth, IN 34655",Y,miles
460,Russell Lane,834-95-3112,"6277 Allen Squares
Carrollmouth, VA 62982",Y,miles
461,Diana Johnson,365-78-8038,"512 Pamela Village
New Williamport, SC 71799",N,miles
462,Peter Brown,887-41-6290,"335 Brian Inlet Suite 444
Andrewburgh, MO 38615",Y,hours
463,Lisa Rose,029-53-4208,"49660 Patricia Mill Suite 138
South John, PA 91892",Y,miles
464,Matthew Boyle,522-81-8908,"3644 Lopez Springs Suite 888
Lake Chrismouth, MO 28226",N,hours
465,Joseph Freeman Jr.,125-87-0071,"Unit 2520 Box 4960
DPO AA 40310",N,hours
466,David Collins,172-39-2054,"6643 Eric Plains
Davidland, MA 36740",N,hours
467,Christina Davis,517-84-4776,"USNV Johnson
FPO AE 96197",Y,hours
468,Mark Shea,263-28-0284,"5813 Anthony Cliff Suite 677
Stephenshire, GU 70027",N,miles
469,David Olson,697-09-1761,"87668 Cummings Hollow Suite 327
North Joshuaview, ID 77955",Y,hours
470,Alyssa Hines,551-21-1412,"047 John Point Suite 931
Port Adam, NV 74959",N,miles
471,Allen Clark,586-36-0260,"16596 Matthew Coves Suite 460
Mackenzieburgh, OR 69575",N,hours
472,Lisa Edwards,313-77-1020,"80761 Shelly Rapid Suite 892
Andersonville, MP 12256",Y,miles
473,Charles Lee,467-02-8907,"21377 Cortez Canyon
North Keithtown, AL 09925",Y,hours
474,Molly Lawrence,582-93-4425,"9816 Neal Ferry
West James, NJ 90462",N,miles
475,Charles Cummings,110-59-0834,"755 Ramirez Forest
New Tammyport, PR 68536",N,hours
476,Ryan Wiley,015-45-0707,"723 Patterson Corner
Cruzbury, VI 35282",N,hours
477,Brandi Edwards,549-88-8322,"6783 Todd Road
East Francesmouth, AS 84290",Y,miles
478,Danny Johnson,226-47-5122,"USS Ritter
FPO AA 12979",N,miles
479,Nicholas Edwards,037-02-6075,"687 Monroe Mews Apt. 780
Timothyborough, KY 55983",N,hours
480,Brenda Black,581-11-7392,"PSC 0768, Box 3990
APO AE 79987",Y,hours
481,Richard Butler,416-90-5074,"667 Jill Hills
Sarahbury, RI 96543",N,hours
482,Catherine Smith,792-63-9957,"8602 Michelle Bypass Suite 466
Douglasshire, TX 64785",N,miles
483,Todd Lloyd,005-19-5551,"4668 Rodney Union Suite 142
Lake Adrianafort, MN 21414",N,hours
484,Michele Lopez,358-82-1032,"89149 Rodgers Loaf
Lake Anthony, PR 10608",Y,hours
485,Carlos Conley,828-66-8051,"337 Washington Inlet
Mariohaven, CA 53670",Y,miles
486,Donald Martin,884-91-1096,"384 Jennifer Falls Suite 998
Montgomerymouth, ND 86842",Y,miles
487,James Silva,454-38-0895,"2144 Rogers Row Apt. 133
East Mikayla, MD 87511",Y,miles
488,Ronald Hood,236-75-4210,"89814 Hughes Road Suite 035
Sandystad, NV 84559",Y,miles
489,Frederick Porter,535-79-7778,"25310 Moon Street Suite 782
Sarahmouth, UT 81839",Y,miles
490,Bradley Jackson,477-01-0997,"167 Alexander Trafficway Apt. 007
Victoriafurt, DE 69145",Y,miles
491,Zachary Brown,709-95-7443,"38258 Schmidt Land
Lisafurt, IL 43304",N,miles
492,Bethany Carroll,836-69-8586,"05021 Rice Vista Apt. 545
North Christopherberg, RI 89033",N,miles
493,Michele Larson,332-35-4558,"73636 Gonzalez Flats Apt. 793
Leestad, MS 37575",Y,hours
494,Christian Morrow,403-48-2617,"PSC 7924, Box 1955
APO AE 44402",N,hours
495,Jeffrey Johnson,669-29-7719,"Unit 0300 Box 6502
DPO AP 46907",N,miles
496,Brittney Henderson,800-55-4736,"02027 Robert Island
Port Moniqueshire, NJ 90004",N,miles
497,Timothy Ford,060-88-6164,"07062 Mark Fords Apt. 776
Kristinaburgh, UT 75916",N,miles
498,Marissa Williams,248-64-8124,"895 Greer Gateway
Deborahmouth, KS 62669",Y,hours
499,Theresa Lopez,003-38-2955,"9155 Jacob Roads
New Jeanette, DE 60111",Y,miles
500,Maria Watson,260-74-7355,"433 Teresa Haven Suite 277
East Robinside, OK 25871",N,miles
501,Bailey Mathis,079-27-3334,"PSC 7945, Box 2012
APO AE 17641",N,hours
502,Mr. Aaron Johnson,365-20-7591,"6676 Russell Crossing
Lake Kevin, PW 55174",Y,miles
503,Christopher Hess,503-88-4082,"164 Mitchell Islands Suite 906
Marshallchester, CT 61040",N,miles
504,Joanna Gomez,776-66-6406,"81809 Acosta Corner Apt. 144
Thomasshire, TN 55579",N,miles
505,Mrs. Amy Cannon,393-77-0074,"806 Rowe Loop Apt. 759
Lake Gregoryton, ID 26390",Y,miles
506,Taylor Norman,343-66-3428,"1784 Christopher Villages Apt. 575
Aarontown, VA 84195",N,hours
507,Cathy Miller,883-01-2521,"40399 Bradley View
Lake Lisa, VT 26117",N,miles
508,Robert Robinson,046-64-5957,"9073 Corey Brooks
Shannonfort, AK 29292",N,hours
509,Lisa Beck,010-40-5955,"655 Nicholas Walk
Jacksonview, VT 61468",N,miles
510,Autumn Trevino,487-45-2563,"1600 Gregory Squares
Pattersonville, PR 48006",Y,miles
511,Sandra Gonzales,009-26-1188,"5503 Gerald Roads
North Victor, DE 11176",N,hours
512,Chad Jenkins,296-20-6357,"Unit 7068 Box 2210
DPO AE 42531",N,miles
513,April Parker,657-93-3170,"2323 William Junctions Suite 852
Schultzside, VA 06737",Y,hours
514,Nicole Berg,855-64-5148,"PSC 8913, Box 3533
APO AE 83808",N,hours
515,Sandra Kennedy,076-37-8021,"USNV Watson
FPO AP 72703",Y,miles
516,Alexander Stone,613-33-0753,"04091 Berg Meadows Suite 814
Perezbury, TN 81508",Y,hours
517,Miranda Barrett,536-60-4216,"32939 Cynthia Plains Suite 060
Hannaview, UT 42882",N,hours
518,Howard Garcia,529-52-0689,"PSC 4560, Box 6750
APO AP 51286",N,hours
519,Monica Torres,406-26-4814,"69494 Hernandez Stream Apt. 359
Nicholaston, PW 04540",N,miles
520,Patrick Medina,294-20-7248,"104 Mike Ferry
Thomasfurt, SD 30568",N,hours
521,Victor Bailey,193-35-0346,"9752 Edward Port
East Jenniferstad, MP 93166",N,miles
522,Katrina Brown,515-30-9075,"0136 Bradley Ramp Apt. 874
East Mark, IN 34316",N,hours
523,Lawrence Short,243-19-0790,"7956 Patricia Square
East Ashley, VT 34568",N,hours
524,Jill Rodriguez,366-80-6825,"7208 Dustin Village
Joetown, NJ 40778",Y,miles
525,Lori Nelson,483-64-8341,"313 Chase Ports
Joseberg, WV 77374",Y,hours
526,Sarah Johnston,008-94-5329,"Unit 8124 Box 6135
DPO AE 30154",N,miles
527,Mr. Robert Cunningham,516-74-6498,"PSC 6543, Box 2229
APO AP 40355",N,hours
528,Sara Cox,241-99-7818,"903 Tina Light
New Lori, NV 72741",Y,miles
529,Jamie Lowery,083-99-1601,"7039 Christian Turnpike
Ryanside, WY 45660",N,hours
530,Allison Watts,457-97-3794,"PSC 6507, Box 3696
APO AP 08796",N,hours
531,John George,500-66-1990,"581 Lisa Shore Apt. 870
Seanland, FL 33494",Y,miles
532,Krystal Baker,249-68-2882,"Unit 8495 Box 2874
DPO AA 06205",Y,miles
533,Donald Miller Jr.,755-71-3827,"67324 Shelley Locks Suite 366
New Kevin, MA 82553",N,hours
534,Cynthia Smith,487-76-1613,"713 Shelton Island
Rebeccashire, ID 76321",N,miles
535,Kayla Byrd,344-32-4249,"90656 Lopez Manors
Oneillborough, NM 93321",Y,miles
536,Jill Burnett,202-61-7454,"5966 Robinson Trail Apt. 589
South Eduardoville, TX 37243",Y,hours
537,Nicholas Henderson,138-94-1249,"479 Pineda Circles
East Jacob, AK 25618",Y,miles
538,Craig Silva,609-21-1500,"Unit 8597 Box 0899
DPO AE 87049",Y,hours
539,Joy White,730-63-8556,"80041 Lang Islands Suite 400
Gonzalezmouth, GA 52681",Y,miles
540,Emily Walker,208-79-3351,"PSC 6812, Box 6711
APO AA 89080",Y,hours
541,Holly Kim,151-90-0757,"3319 Rivera Garden Suite 919
South Samuelmouth, FM 35497",N,hours
542,Joyce Hughes,391-04-5406,"8151 Crawford Divide
Michelleview, MS 58682",N,hours
543,Alejandro Miller,149-43-8760,"USNV Rogers
FPO AP 32739",N,miles
544,Julie Castillo,309-61-8358,"20436 Carla Island Suite 375
Grahamstad, TN 75990",N,miles
545,April Tate,133-65-2768,"274 Graham Harbor
Joyshire, PW 35712",Y,hours
546,Elizabeth Zuniga,548-51-7990,"55487 Turner Ridge Suite 783
Billyshire, LA 23002",Y,hours
547,David Buchanan,552-97-3616,"1282 Myers Passage
Shawnland, VA 52624",N,hours
548,Taylor Lopez,702-33-9449,"733 Larsen Inlet Apt. 215
Williamsville, MT 86766",N,hours
549,Robert Thomas,088-77-2258,"472 Howard Plaza
East Sarahside, NH 55058",Y,miles
550,Debra Rodriguez,502-10-1461,"Unit 2169 Box 1629
DPO AE 12131",Y,hours
551,Gloria Fry,242-92-0838,"3514 Perez Keys
West Alexandra, LA 51932",N,miles
552,Mark Adams,371-20-1088,"357 Chelsea Hollow Apt. 842
East Davidton, DC 06726",N,hours
553,Ashley Baker MD,769-64-6946,"1755 Theresa Stravenue
Lake Tyler, AL 38607",N,miles
554,Tammy Sanchez,875-61-2680,"68487 Rogers Ports
Walkerbury, NE 61650",Y,hours
555,Kayla Rivera,117-90-7220,"35686 Green Isle Suite 321
North Shanefurt, IA 01467",N,hours
556,Brian Williams,415-36-7760,"1424 Katie Manors
Lake Kristinamouth, NY 70015",Y,miles
557,Holly Madden,647-60-1910,"8810 Pamela Plain Apt. 563
North Christopher, MN 81911",Y,hours
558,Alyssa Reynolds,571-59-6632,"5632 Gomez Brooks Apt. 157
Watsonshire, MP 43026",N,hours
559,Aaron Davenport,112-32-7292,"2027 Robert Isle
West Paul, MI 03687",Y,miles
560,Pamela Lewis,472-70-4546,"899 Kelly Hills Apt. 902
North Robertland, OH 15559",N,miles
561,Michael Fitzpatrick,028-77-9477,"6077 Matthew Isle Apt. 146
North Aliciatown, NJ 01448",N,hours
562,Amy Williams,654-34-4386,"852 Allison Lock
West Heidiburgh, KY 67925",N,miles
563,Garrett Gonzalez,345-82-1318,"428 Levine Square
Morrisview, FL 61377",Y,miles
564,Heidi Thomas,664-56-0460,"711 Sara Course
North William, HI 16287",Y,miles
565,Troy Robinson,799-23-8597,"27282 Emily Brook Apt. 240
Christineberg, KS 40702",N,miles
566,Casey Jimenez,898-42-6372,"36330 Robert Drive
West Joycemouth, IA 26966",N,hours
567,Dr. Robin Watts,174-96-8675,"PSC 8509, Box 4173
APO AP 98623",Y,hours
568,David Everett,653-69-4095,"PSC 1705, Box 8028
APO AP 81092",N,miles
569,Denise Roy,557-10-3760,"3468 Melissa Place Suite 126
Harrisfurt, NV 19188",N,miles
570,Pamela Baker,627-07-5535,"532 Linda Stream Apt. 085
North Justintown, NE 96967",N,miles
571,Sarah Griffin,338-10-3528,"050 Stewart Greens
Emilyfurt, MN 63365",Y,hours
572,Andrew Clark,049-90-0247,"19008 Anna Hollow
Andrefurt, AZ 33854",Y,hours
573,Denise Walker,826-30-1729,"329 Martinez Fields
East Kendraton, IL 99866",N,hours
574,Kathryn Burns,559-08-0390,"429 Webb Stravenue Suite 181
Port Lance, DE 94379",N,miles
575,Julie Ramirez,851-65-8084,"136 Watts Curve
Henryport, SC 13865",N,hours
576,Karen Gentry,712-63-1278,"9628 Ryan Glen Suite 149
Port Amanda, DC 80907",Y,miles
577,Scott Adams,306-82-1548,"2530 Ashley Dam
Jamesstad, DE 05016",N,miles
578,Paul Holloway,861-62-5490,"1363 Michael Center
Millerberg, AS 39204",Y,miles
579,Kenneth Stokes,095-04-0929,"8535 Robinson Drive
Port Anthonyberg, FM 93169",N,hours
580,Ronald Nguyen,264-24-6764,"12594 Jesus Mission
South Elizabethport, ME 55849",N,miles
581,Stephen Adams,826-30-7309,"69849 Valerie Summit
Chadburgh, PR 59767",N,hours
582,Aimee Smith,455-19-8057,"3186 Logan Oval
South Tonyatown, VI 73028",N,miles
583,Emily Butler,770-76-5048,"255 Robertson Meadow Suite 600
Kingstad, OK 10414",N,miles
584,Gerald Dougherty,798-22-5437,"4757 Philip Prairie
Yatesburgh, AS 31373",N,hours
585,Seth Carroll,664-70-1888,"44863 Alyssa Trail Apt. 345
North Matthewbury, HI 26452",N,miles
586,Ronald Perez,580-39-2515,"25805 Brown Extensions
East Deniseton, NJ 30009",Y,miles
587,Margaret Clark,875-04-9381,"7437 Andre Mills
Kristenburgh, MA 25814",N,hours
588,Evan Watkins,282-53-5169,"72391 Blake Wall
South Brittanyburgh, PW 45279",Y,hours
589,Heather Macias,514-09-4225,"16806 Samuel Rapids
West Robertmouth, IL 52703",Y,hours
590,Stephanie Daniels,385-75-3852,"164 Johnson Trace
Lake Robert, CA 95303",Y,hours
591,Stephen Gonzales,312-32-5802,"77658 Jason Brooks
Osbornmouth, SD 51821",N,miles
592,Jennifer Bush,149-43-9632,"16014 Ashley Forges
Smithstad, LA 22058",Y,miles
593,Robert Schmidt,503-22-6497,"6068 Eric Walk Suite 531
Port Paulamouth, PA 86721",Y,miles
594,Katelyn Villegas,270-80-5750,"313 Hall Knoll Suite 086
West Julieborough, CO 53533",Y,hours
595,Grace Johnston,121-54-8732,"736 Gross Meadow
Butlertown, MN 95806",N,hours
596,Jorge Wright,061-76-5107,"5280 Jennifer Radial
Stricklandmouth, FM 21765",N,miles
597,Kenneth Williams,232-69-2091,"97905 Andrew Track
Port Nicholas, AL 84030",N,hours
598,Laura Miller,864-92-6611,"383 Wendy Orchard
New Andrew, AS 97195",N,hours
599,Amy Sutton,732-94-0377,"810 Rojas Circles
Cherylbury, IL 21738",N,miles
600,Arthur Jones,777-14-2256,"2685 Heather Meadow Apt. 348
Port Stevenhaven, GA 71296",Y,miles
601,Richard Dominguez,467-62-1238,"5208 Sims Common Apt. 668
Edgarton, OR 12178",N,miles
602,Courtney Hinton,476-09-2479,"69920 Patricia Corners
Susanshire, NH 10222",Y,miles
603,Cindy Fox,856-95-5012,"30091 Jasmine Squares Apt. 287
Port Kathryn, IL 54480",N,hours
604,Andrea Moreno,124-13-1454,"10346 Thomas Corner
Smithville, NE 40796",Y,hours
605,Richard Daniels,828-99-5535,"861 Scott Falls Suite 055
Lisamouth, SD 11918",N,miles
606,Renee Richards,165-40-6142,"0848 Lisa Throughway
Bonillaton, LA 80306",N,hours
607,Keith Hall,745-33-5956,"08143 Brian Terrace
Johnville, MH 40460",N,miles
608,Erica Stafford,274-43-0898,"34214 Sandra Lodge Suite 598
Williamhaven, DE 51072",N,miles
609,Scott Price,897-46-7231,"0929 Meyer Trail
Sparkston, SC 65502",Y,hours
610,Michele Roman,561-43-1910,"048 Smith Junction Apt. 609
Lopezberg, MD 08703",Y,hours
611,Benjamin Davis,769-18-1810,"34114 Brown Shore Suite 933
North Kristenfurt, UT 65047",N,miles
612,Rachel Douglas,553-12-2656,"84936 Lopez Estates
Port Jeffreyberg, VA 61810",N,miles
613,Sandra Gray,338-80-4009,"2560 Torres Avenue Suite 801
Crystalshire, OR 43631",Y,miles
614,Mrs. Carrie Russell,458-02-8554,"507 Ortiz Parkway Apt. 760
Port Glennstad, AL 79690",N,hours
615,Teresa Webb,366-30-9664,"71783 Wendy Street
Katiechester, MD 70159",Y,miles
616,Kimberly Walsh,153-46-4006,"947 Woodward Oval Apt. 407
Port Jean, KS 23015",Y,hours
617,Crystal Delgado,337-26-4538,"9560 Rachel Haven Suite 761
Boydstad, FM 73490",Y,hours
618,Alexander Lowery,469-94-0189,"78541 Michael Turnpike Apt. 339
Rodriguezfort, GA 16105",Y,hours
619,Karen Young,847-15-8745,"10739 Alvarez Extension
Millershire, CT 19121",N,hours
620,Robert Berry,778-91-9638,"9649 Collins Station Suite 921
North Michael, ID 42929",Y,miles
621,Amber Campbell,509-08-3084,"323 Lori Mount Suite 178
West Lawrence, ME 10061",Y,hours
622,Kimberly Horn,223-39-2714,"647 Melissa Plains Suite 121
West Shannonbury, UT 66888",Y,miles
623,Vanessa Lopez,698-21-8512,"USS Walter
FPO AA 43009",N,miles
624,Michael Nelson,369-82-1870,"214 Walter Forks
North Justinborough, TX 05947",Y,miles
625,Ashley Stephens,070-18-9910,"99229 Lisa Village
Port Jaime, TX 19227",N,miles
626,Ariel Blankenship,289-58-5513,"917 Kimberly Plain Suite 888
Brooksburgh, NE 36343",Y,hours
627,Christine Diaz,120-71-7498,"517 Carol Passage
West Lisaland, AR 46450",Y,hours
628,Debra Richard,556-29-8733,"037 Garcia Springs Apt. 928
Gonzalezview, AL 86777",N,miles
629,Spencer Soto,804-69-5329,"58779 Kimberly Bridge
North Michaelview, SC 10471",N,hours
630,Elizabeth Bender,216-64-1588,"19561 Casey Track Suite 914
Georgefort, AL 92779",Y,hours
631,Kristen Jones,575-98-7671,"USS Peterson
FPO AE 20279",Y,hours
632,Kenneth Nichols,667-56-7756,"49406 Wilcox Park Apt. 791
Millertown, KS 21254",N,miles
633,Eric Blair,365-19-0183,"28721 Roberson Ports
Port Shannon, OR 88592",N,miles
634,Bridget Thompson,479-58-5542,"748 Wendy Brooks
West Jasonland, SC 06876",Y,hours
635,Teresa Leblanc,619-14-5421,"1698 Hall Lakes Suite 654
Smithshire, NY 11440",N,hours
636,Carrie Sandoval,011-83-9451,"4249 Luke Islands
Larryshire, LA 72886",N,hours
637,Benjamin Hayes,007-26-4861,"83749 Cole Flats
Atkinsshire, ND 92987",N,miles
638,Courtney Mendoza,890-23-3537,"1363 Charlene Shores
South Kevinfurt, NY 41219",N,miles
639,Brittany Fleming,515-43-6281,"612 Roy Tunnel
Patelmouth, ID 42240",Y,hours
640,Donald Hernandez,145-91-6156,"581 Emma Highway
Gonzalezchester, AZ 93720",Y,miles
641,Christopher Gibson,441-13-2002,"76267 Bell Dale Suite 687
Hallview, CT 24108",Y,hours
642,Carla Martin,290-47-2902,"4562 Sheppard Creek
Lake Toddburgh, LA 87386",Y,miles
643,Amy Diaz,464-95-1289,"69838 Schneider Ramp Suite 667
South Laurenmouth, MI 51791",Y,hours
644,Anita Hayden,596-92-5521,"01403 Banks Expressway
Lake Victoriahaven, KY 47177",N,hours
645,Jay Miller,554-59-1653,"7730 Toni Lodge
Martinstad, OK 36963",Y,hours
646,Becky Mitchell,876-82-1460,"590 Sawyer Trafficway Suite 402
Vanessafurt, MO 12065",N,hours
647,Kyle Wilkerson,650-32-4594,"51538 Robert Curve
Lake Joy, NH 05575",Y,miles
648,Joseph Vasquez,562-42-2428,"USS Summers
FPO AE 12007",N,hours
649,Amanda Butler,370-71-1270,"52790 Michele Forge Suite 255
East Claudia, CO 30426",Y,hours
650,Katelyn Rodriguez,334-09-0098,"249 Brittany Lights
Lake Jaime, ND 01226",N,miles
651,Stacey Hester,285-40-6257,"440 Jeffrey Via Apt. 615
Jacobfurt, NJ 30845",Y,miles
652,Jonathan King,524-55-8353,"174 Norris Point
Scottfort, RI 42079",N,hours
653,Nicholas Martin,734-45-7908,"981 Mallory Branch Suite 390
Robertberg, SC 09048",N,miles
654,Megan Lozano,741-09-3608,"1038 Michelle Roads
Ashleeview, PR 87567",N,miles
655,Michele Clark,122-64-6801,"851 Griffith Spurs
West Christopher, VI 57968",Y,miles
656,Tonya Rivera,396-43-6328,"3825 Powell Port Apt. 368
Ramirezville, DC 18013",Y,hours
657,Michael Branch,064-12-9617,"2489 Lisa Ridges
Hopkinsbury, MO 86768",N,miles
658,Wanda Weaver,794-45-7749,"8833 Amanda Hollow Suite 120
Jeffport, RI 63542",N,hours
659,Alex Wilson,142-43-7647,"9413 Kristi Bridge
Donaldborough, NC 59991",N,miles
660,Robert James,749-90-5126,"852 Natalie Glen Apt. 869
West Dawn, WA 28246",Y,hours
661,Paul Johnson,629-24-8087,"13199 Allen Harbors
Lynchborough, VA 13265",N,hours
662,Christina Garcia,757-33-2604,"26074 Leblanc Crest Suite 583
North Brittany, NY 22679",Y,hours
663,Gary Martinez,565-50-6482,"82741 Anderson Brook
West Williamfort, FL 72484",N,miles
664,Eric Jones,538-04-9219,"3570 Zachary Hollow Apt. 053
Randallland, AR 77310",Y,miles
665,Janet Bailey,709-80-5688,"527 Soto Avenue
New John, MI 48812",N,hours
666,Erik Nelson,467-72-8523,"856 Scott Walk
East Megan, NM 02070",Y,hours
667,Joshua Miller,094-36-1288,"4494 Laura Freeway Apt. 668
Laurachester, WI 16102",N,miles
668,Denise Rodgers,427-53-9181,"80187 Roberts Greens
West John, ID 73764",Y,miles
669,Matthew Rhodes,532-44-3966,"4819 Alex Mill
South Elijahland, AK 41562",N,hours
670,Katrina Torres,461-54-4261,"776 Karl Circles
Jenniferside, TX 39510",Y,miles
671,Michelle Neal,097-33-6808,"55744 Nicholas Inlet
West Erinfort, MT 56334",Y,miles
672,Barbara Hogan,513-03-7074,"17239 Dawn Lakes Apt. 065
Angelaland, AK 17994",N,hours
673,Jay Johnson,718-45-5775,"007 Paige Mission
Lake John, AR 80556",Y,miles
674,David Miller,786-34-2992,"67993 Simpson Knoll
Kurtside, NC 03509",N,miles
675,Robin Evans,801-16-8343,"79436 Browning Square Apt. 304
West Tammyshire, HI 64659",N,hours
676,Vincent Floyd,410-78-7197,"612 Koch Creek Apt. 934
South Kevinborough, MO 33678",N,hours
677,Steven Arnold,021-50-6957,"50040 Rita Glen
Harperfurt, IN 35159",Y,hours
678,Jason Murphy,816-19-9018,"3016 Jenkins Ramp
West Shannon, DC 75444",N,hours
679,Crystal Wilson,552-81-3320,"518 Jason Isle
Pooleville, WI 27982",Y,miles
680,Jenna Brown,190-11-3114,"PSC 5469, Box 4360
APO AP 24616",N,hours
681,Stacy Spencer,260-08-4863,"0205 Kenneth Brook Suite 121
Jillfurt, OH 63158",N,hours
682,William Ellis,202-26-4722,"03164 Lindsey Ville Apt. 777
Kellyburgh, MN 34855",N,miles
683,Diana Medina,009-48-0768,"44790 Steven Streets
East Dawn, MD 80214",N,miles
684,William Bryant,449-83-2959,"17107 Wheeler Valley
Port Daniel, HI 74222",N,hours
685,Erika Garcia,213-57-6007,"411 Melissa Ports
West Adrian, MS 76431",N,hours
686,Alejandro Woodward,138-28-3451,"344 Clark Glen
Jacksonport, MI 59483",N,miles
687,William Garcia,282-50-1878,"USCGC Riddle
FPO AA 88578",Y,hours
688,Tracy Burch,166-15-1841,"2291 Veronica Stravenue
Maryshire, MD 21371",N,hours
689,Shannon Hernandez,231-45-9902,"2313 Robertson Shoals
South Deborah, ND 04256",N,hours
690,Dale Sandoval,294-18-3002,"90468 Alexis Brook
Lake Thomas, FM 74449",N,hours
691,Jamie Villanueva,297-31-1442,"8936 Joshua Tunnel Suite 033
Lake Heidiberg, DC 45987",Y,hours
692,Chad Cole,011-79-3658,"666 Wendy Green
Joshuabury, MN 95536",Y,miles
693,John Morgan,654-68-0304,"USNS Oconnor
FPO AA 98050",N,hours
694,Mary Montgomery,692-25-2899,"0193 Johnny Roads
Lake Amy, DC 66451",Y,hours
695,Dawn Avila,114-31-6494,"5078 Rosales Court
North Tina, IL 08575",N,miles
696,Haley Schultz,875-60-9740,"33167 Fleming Field
Smithshire, WV 38745",N,miles
697,Timothy Silva,892-92-9670,"7799 Weaver Springs
Lake Jason, MS 27333",N,miles
698,Andrea Robertson,841-78-4719,"9505 William Mount Suite 237
Tracyside, IL 83072",N,hours
699,David Ramirez,409-19-0312,"48306 Burton Islands
East Jessica, GU 81741",N,miles
700,Garrett Watts,509-56-6549,"46789 Amber Villages
Reidland, VI 93315",N,hours
701,Darryl Holmes,217-43-4569,"0549 Nicholas Roads Apt. 225
Jonesborough, OK 56387",Y,hours
702,Randall Murphy,443-42-7308,"Unit 4617 Box 6690
DPO AA 18363",Y,hours
703,Paul Watkins,028-07-3151,"6561 Davis Meadows
East Julie, UT 51471",Y,hours
704,Paul George,759-92-8660,"504 Cameron Unions
North Juliehaven, WY 27050",N,miles
705,Bryan Pierce,826-37-9366,"USNV Stanley
FPO AA 13724",Y,miles
706,Jennifer Forbes,797-87-8676,"5838 Ryan Islands Suite 850
Taylorstad, NV 96770",Y,hours
707,Jessica Chan,215-39-0418,"239 Powers Throughway Apt. 294
North Johnfurt, NC 21814",Y,hours
708,Laura Liu,017-22-9367,"22560 Phillips Estates Apt. 048
Lake Patrick, TN 97549",N,hours
709,Charles Osborn,213-66-2565,"352 Carol Path
Gillstad, IL 58028",Y,miles
710,Amanda Waters,374-73-4878,"809 Hurley Manor Suite 794
Ramirezville, CO 25925",N,miles
711,Monica Flowers,855-63-3030,"42266 Bradley Plains Apt. 452
North Melissa, ND 32097",Y,miles
712,Dr. Alisha Calhoun DDS,476-28-2271,"847 Martin Ridge Apt. 736
Robertville, AK 09953",N,hours
713,Karen Turner,248-42-7360,"PSC 8924, Box 2549
APO AA 57950",Y,hours
714,Thomas Hoffman,046-56-1991,"09579 Vaughan Radial Apt. 298
New Glenn, CA 66102",N,miles
715,David Jones,723-41-4318,"79230 Chad Pike Apt. 154
North Stacymouth, TN 30812",N,miles
716,Robin Walsh,320-15-6286,"7354 Cook Summit
Port Matthew, SC 00600",N,hours
717,Lisa Griffith,348-39-8878,"4014 Jessica Vista
Lake Harry, MO 73977",Y,miles
718,Terrance Stevenson MD,313-30-2125,"41395 Lisa Flats
West Tammy, MO 52337",Y,miles
719,Julia Shields,799-31-3926,"26755 Gibson Mountains Suite 628
Lunachester, MT 53472",N,hours
720,Ian Cortez,621-62-4889,"USNV Dodson
FPO AA 41582",N,hours
721,Jason Garner,514-35-0605,"44393 Chavez Walk Apt. 210
Tateshire, GU 17688",N,miles
722,Patrick Li,531-45-3022,"3982 Justin Expressway
Port Jacob, FL 51786",Y,hours
723,Karen Moore,776-81-6804,"169 Samuel Land Suite 677
Danaberg, OR 65750",N,miles
724,Jacob Washington,280-62-7767,"7268 Gray Rue Suite 969
Port Timothychester, RI 44364",Y,miles
725,William Fletcher,714-61-8257,"PSC 2997, Box 1479
APO AE 28965",N,miles
726,Mariah Hernandez,634-77-8163,"19218 Lisa Freeway Apt. 880
North Stephen, KS 33091",N,miles
727,Heather Allen,654-22-5241,"270 Brian Overpass
East David, OK 67849",Y,miles
728,Vanessa Moody,500-92-0738,"6523 Cruz Plaza
Hammondberg, VT 42304",Y,hours
729,Elizabeth Blair,406-69-8397,"31870 Kim Drive Suite 660
Lake Carmen, CO 02541",Y,miles
730,Robert Carter,117-31-3529,"92262 Clark Drive
West Jennifer, MA 99433",N,miles
731,Susan Taylor,150-36-3765,"955 Karen Cove Apt. 528
Roblesbury, IL 77377",Y,miles
732,Mark Medina,565-99-2227,"17110 Hampton Circle Apt. 961
North Brooke, ME 47539",Y,miles
733,Victoria Russell,440-53-3285,"520 Gonzalez Creek
South Brandonshire, NJ 74425",Y,hours
734,Timothy Garcia,750-87-3336,"PSC 0414, Box 6617
APO AA 90131",N,hours
735,Michelle Taylor,503-12-0579,"8181 Sullivan Trail Suite 539
Morantown, AK 11641",N,hours
736,Christopher Haley,327-23-6700,"9516 Marcus Mill
Huntville, VA 20607",N,miles
737,Ashley Nichols,431-21-6666,"PSC 9216, Box 8420
APO AA 01030",Y,hours
738,Kimberly Wood,381-54-2882,"5453 Parrish Circle Suite 545
North Norma, AK 71892",N,miles
739,Ashley Nelson,359-19-5153,"PSC 7818, Box 9146
APO AA 43264",N,miles
740,Jeremy Norman,385-03-2063,"7371 Patricia Rapid Apt. 659
New Mary, AR 15441",Y,hours
741,Kristopher Navarro,489-76-4344,"863 Adams Shore Suite 905
Thomasberg, KY 56894",Y,miles
742,Sarah Miller,033-37-7096,"0832 Eric Row Suite 655
Lake Jefferyton, HI 01005",Y,hours
743,Todd Petersen,671-60-8993,"9473 Patrick Parkway
West Chelsea, MD 43872",Y,miles
744,Gregory Clark,855-35-0678,"417 Rhonda Trail
Waynehaven, SD 59459",N,hours
745,Ronnie Thompson,319-58-3011,"628 Barbara Passage Apt. 809
Roberttown, SD 63462",N,miles
746,Jermaine Shepherd,800-11-0807,"00424 Charles Ramp
Colemanmouth, KY 10887",Y,hours
747,Joseph Atkins,376-56-2203,"323 James Squares Apt. 841
South Jenniferton, KY 89972",N,miles
748,Amanda Miller,033-78-5917,"649 Davis Villages
North Jonathanshire, NE 17977",N,hours
749,Jon Morris,179-75-4249,"14604 Morris Groves
Port Timothy, GA 72846",Y,hours
750,Brenda Perez,292-33-3709,"39930 Patrick Mission
Julieville, NH 56341",N,hours
751,Nancy Davies,262-33-3299,"07085 Deborah Ford
South Rebeccaside, IL 43452",Y,hours
752,Catherine Francis,047-20-0121,"991 Cisneros Mountain
North Trevorhaven, AK 52360",N,hours
753,Steven Olson,658-73-6209,"3565 Graham Mews Suite 181
New Samanthaport, ME 60477",N,hours
754,Jacob Shaw,389-38-2885,"85173 James Islands
Josephchester, NY 63992",N,miles
755,Nicole Smith,480-27-7102,"4927 Albert Wall
South Joanne, MS 42736",Y,miles
756,Dr. Amy Jenkins,022-79-6217,"70575 Amanda Port Suite 014
Alexanderfort, GA 34479",N,hours
757,Larry Wyatt,397-01-1555,"88662 Reynolds Summit
Knoxborough, VA 45131",Y,miles
758,Jamie Kim,444-90-0967,"18944 Judy Gardens
Ryantown, NH 10146",N,hours
759,Chad Kaiser,320-58-8937,"7604 Mallory Stream Suite 292
South Nicholasfurt, CA 87759",Y,miles
760,Brooke Zuniga,058-33-0152,"44310 Paul Flat Apt. 298
Lake Markfort, ME 81484",Y,miles
761,Eric Brown,004-31-8969,"USCGC Freeman
FPO AP 88903",N,hours
762,Kelly Carter,568-15-6622,"39194 Roman Port
Leeview, NC 15831",Y,hours
763,Carolyn Wolfe,416-11-6268,"2077 Thomas Isle
West Lynntown, IL 40018",N,hours
764,Susan Mccoy,079-45-8454,"1218 Karen Inlet
South Steven, KY 49814",Y,miles
765,Leah Bowers,505-59-3045,"404 Keith Fields
Kingburgh, MA 60677",N,miles
766,Joel Curtis,799-41-5099,"5165 Dalton Drive Apt. 418
Estesberg, MA 51848",N,miles
767,Dana Taylor,194-22-7433,"74816 Peterson Well Apt. 902
Port Carlaland, GU 93608",Y,hours
768,Anna Green,155-85-1195,"174 Hector Port
Williefurt, ID 56940",N,hours
769,Rodney Greene,185-91-0282,"151 Williams Rapid
West Tiffany, IA 97502",N,hours
770,Jason Guzman,587-50-5637,"237 Ashley Flat Apt. 047
South Melissaside, FM 75300",N,hours
771,Rachel Hernandez,845-23-5188,"9605 Williams Burg
North Nancy, NE 24702",Y,miles
772,Cheryl Carter,313-62-2071,"259 Woodard Forks Suite 664
Beltranmouth, IL 69264",N,hours
773,Sara Cannon,094-90-1360,"3419 Walter Port Apt. 809
Clintontown, CT 39155",Y,hours
774,Anthony Hodge,499-49-6178,"833 Diaz Isle Suite 610
North Jesus, OR 71725",N,miles
775,Crystal Lewis DDS,762-59-5361,"USNV Nunez
FPO AP 80753",N,hours
776,Allison Moore,264-23-1858,"Unit 0536 Box 1195
DPO AP 67066",Y,miles
777,Kathryn Walker,753-72-5068,"869 Bobby Ford Apt. 506
Donnafort, SC 01523",Y,hours
778,Sheila Short,288-81-6650,"8836 Beard Overpass Apt. 207
East Elizabeth, SC 63839",N,miles
779,Melanie Rivera,487-28-1362,"307 Thompson Centers Apt. 504
Robleschester, CO 58604",Y,hours
780,Peter Dorsey,809-76-8679,"27604 Murphy Fields Suite 256
Ingramfurt, IL 97113",N,hours
781,Evan Smith,693-59-7894,"PSC 1810, Box 2124
APO AE 94527",N,miles
782,Kaitlyn Levine,011-56-5603,"3753 Williams Underpass Apt. 884
Port Melanieland, KY 57475",Y,miles
783,Frank Coleman,085-24-7002,"70276 Julia Stream Apt. 129
Port Michael, ID 60258",N,miles
784,Teresa Jones,868-21-7388,"PSC 6347, Box 0270
APO AP 02648",Y,miles
785,Kristin Frank,638-05-0766,"USNV Stone
FPO AA 60085",Y,hours
786,Jeremy Hansen,272-56-1285,"73826 Pedro Canyon
Amyberg, AS 31664",N,miles
787,Erica Hall,158-84-2739,"5325 Sandra Manors Apt. 679
East Andrewmouth, AL 60467",N,hours
788,Timothy Craig,031-66-3555,"912 Rebecca Extensions Suite 603
North Cindyburgh, NE 13804",Y,hours
789,Ashley Blevins,283-34-0972,"2587 Young Landing Suite 810
Jasonchester, PR 53710",Y,miles
790,Beth Leonard,003-35-9962,"21930 Jones Lock Suite 173
South Davefurt, UT 47416",N,miles
791,Mrs. Kelli Lee,060-93-0950,"16105 Benjamin Haven Suite 586
New Joshua, UT 43870",N,hours
792,Brett Armstrong,239-89-1790,"77456 Boyd Curve
Meganfort, AZ 99873",N,hours
793,Joseph Harrison,764-57-2949,"99151 Ann Forks
Robertston, NV 79881",N,hours
794,Crystal Lopez,175-71-9439,"30512 Coleman Rapids Apt. 965
Lake Jeffville, VI 54157",Y,hours
795,Michelle Payne,019-42-8137,"1883 Levine Camp Apt. 215
Vasquezmouth, IA 89854",N,miles
796,Donna Richardson,682-12-0250,"215 Heather Circles
East Thomas, NJ 07164",Y,hours
797,Daniel Hicks,055-22-0235,"654 Rubio Common
Smithview, SC 15853",N,hours
798,Tyler May,817-30-7795,"165 Desiree Summit Apt. 414
East Laura, NJ 91986",N,miles
799,Gail Ryan,805-29-7273,"7304 Lewis Squares
Johnshire, LA 87629",N,hours
800,David Aguilar,106-49-4392,"79778 Heather Divide
Smithville, DE 45388",Y,miles
801,Carolyn Hanson,122-29-3431,"369 Stark Summit
Matthewsport, OR 89297",N,hours
802,Christopher Long,278-88-3105,"610 David Lane Apt. 826
Greenhaven, AL 08291",Y,hours
803,Susan Miller,421-74-2531,"56419 Krista Point Apt. 682
North Stephanie, ND 72644",N,miles
804,Sylvia Hunter,794-86-6506,"23558 Angela Wells Suite 805
Janetfort, GU 01674",Y,miles
805,Katie James,585-06-8053,"Unit 2614 Box 3866
DPO AA 70926",Y,miles
806,William Choi,079-86-1619,"0531 Lester Villages
Port Brianport, TN 40162",Y,miles
807,Valerie Barnett,854-54-0699,"USNS Olson
FPO AP 30979",N,hours
808,Jennifer Yang,469-72-2354,"0052 Brittany Light Suite 975
Mannhaven, NC 03217",N,miles
809,Kristina Frederick,884-95-3480,"51745 Griffin Radial Suite 975
West Hayley, WY 79568",N,hours
810,Nicole Hernandez,622-69-8304,"18287 Michael Hollow Suite 225
Lake Sharonberg, MD 34025",Y,hours
811,Robert Young,479-36-2217,"USNV Jefferson
FPO AP 72317",Y,miles
812,Brandy Wood,697-24-8139,"9065 Barbara Course
Brittanyborough, SC 30190",Y,hours
813,Matthew Tucker,220-82-3107,"1552 Jean Mills Apt. 727
Blairhaven, UT 10056",Y,hours
814,John Berry,499-64-9926,"0022 Levi Station Suite 477
South Wendy, ND 69031",Y,hours
815,Anthony Barnes,805-11-3870,"96580 Karen Square Suite 823
Dianefurt, WI 61130",N,miles
816,Walter Preston,621-09-2912,"3109 Smith Lakes
Sarahstad, GU 71647",N,hours
817,Michael Cannon,404-63-1022,"75487 Riley Lock
South Carolborough, PR 08510",N,miles
818,James Forbes,898-03-1556,"Unit 5338 Box 4888
DPO AP 42131",N,miles
819,James Werner,898-90-8371,"PSC 4093, Box 1238
APO AP 93976",N,hours
820,Johnny Harrison,303-19-6835,"4867 Contreras Summit
West Beth, KS 53706",N,miles
821,Brent Allen,348-26-8561,"3316 Wagner Harbor
Port Beth, WA 63145",N,hours
822,Jessica Parks PhD,537-95-8830,"84648 Amanda Hollow
Josetown, NE 09228",Y,miles
823,Derek Wright,236-97-8773,"0615 Daryl Lake
Branchberg, SD 33830",Y,miles
824,Karla Reyes,652-74-7804,"6118 David Springs Apt. 812
Smithmouth, MO 40658",Y,miles
825,William Hernandez,396-70-9397,"728 David Fork Suite 563
Coreymouth, RI 69677",Y,miles
826,Sally Miller,326-81-4254,"35114 Derek Gateway Suite 162
Cooperstad, CT 66938",Y,miles
827,Emily King,385-56-2603,"940 Laurie Grove Suite 691
Brucetown, ND 83401",N,hours
828,Jocelyn Cruz,007-71-4669,"5629 Maxwell Estates Suite 388
Bradshawfurt, OK 47878",N,hours
829,Jacqueline Black,444-87-7259,"76644 Robert Ports Suite 163
Whitneybury, AS 27344",Y,hours
830,Laura Kelly,823-60-8769,"99392 Bethany Square
Lisashire, VI 82573",N,hours
831,Nancy Fitzgerald,232-55-0006,"526 Theresa Springs Suite 945
Port Stephanie, TN 76364",N,miles
832,Shannon Diaz,252-22-6329,"9861 Alexandra Cape
Leachburgh, OH 63499",Y,miles
833,Michelle Henderson,351-21-3051,"35679 Michael Pines Apt. 752
Erinhaven, WA 18633",N,hours
834,Jeffrey Cannon,526-51-5032,"34229 Shawn Loop
Port Brianmouth, IL 81928",N,hours
835,Lisa Mullins,314-69-3039,"450 Tucker Islands Suite 827
South Laura, MO 44300",N,hours
836,Jacob Flynn,278-57-7277,"377 Amanda Dam Suite 965
Jimeneztown, KS 04867",N,miles
837,Daniel Cobb,094-93-1553,"240 Davis Bypass
Christopherville, AL 75884",Y,hours
838,Melissa Becker,858-42-2135,"5781 Brent Prairie
Donaldfort, TX 40331",N,hours
839,Derrick Vasquez,110-90-8676,"65292 Simmons Plaza Suite 104
New Staceyland, KY 21137",Y,hours
840,Joseph Nichols,716-75-8684,"261 Daniel Burgs
North Donnaville, PR 77079",N,miles
841,Anna Howard,172-01-4588,"598 Miller Curve
Blanchardmouth, PW 09092",Y,hours
842,Jerry Hull,787-13-5876,"52970 Schroeder Drives
North Angelaland, NV 34162",N,hours
843,Elizabeth Moore,850-87-6899,"309 Claudia Path
Serranoton, KY 65428",Y,miles
844,Kevin Carlson DDS,844-38-4146,"702 Alex Flat Suite 468
Susanville, DC 37955",N,hours
845,Samantha Moore,446-64-3947,"3771 Ryan Vista
Nicholsport, VA 03673",N,miles
846,Kim Caldwell,154-86-9446,"295 Stevens Extension Suite 468
North Jeff, CO 23041",N,hours
847,Nathaniel Herrera,798-15-5176,"30162 Cox Shore
Kennedymouth, NV 49897",N,miles
848,Matthew Braun,121-50-8319,"8550 Eric Shore Apt. 118
North Kimberlymouth, SC 04678",Y,hours
849,Kurt Arnold,332-73-1012,"112 Kathy Brook
South Carlview, IA 34346",Y,hours
850,Lisa Mueller,447-14-4186,"74748 Gabriela Port
Reidchester, OR 03011",N,miles
851,Renee Ellis,465-73-1945,"37029 Perry Shoals Suite 366
South Robertborough, OH 21012",Y,hours
852,David House,787-06-3763,"2829 Diaz Walks
New Danielport, MD 49526",Y,miles
853,Gregory Hansen,436-33-0158,"440 Paul Drive Suite 520
Charlesshire, VA 14026",Y,hours
854,Chelsea Jones,064-17-3794,"078 Cooper Highway Suite 909
Port Rachelmouth, MP 76451",N,miles
855,David Jackson,738-93-9041,"732 Webster Hill Suite 691
New Melissa, RI 23365",N,hours
856,Tanner Ryan,716-36-1991,"USCGC Robinson
FPO AA 45544",N,miles
857,James Andrade,790-98-7836,"58900 Edwards Plains Suite 203
South Gregoryside, DE 71175",N,miles
858,Barbara Ramirez,815-56-2175,"619 Taylor Pine Suite 900
Jacobport, TX 50592",N,hours
859,Dr. Adam Bright,224-08-8325,"266 Virginia Highway
Youngmouth, AL 95334",N,hours
860,Brendan Kelly,523-96-7704,"200 Mary Causeway Suite 475
East Paulbury, WA 69085",N,hours
861,Michelle Clark,041-57-4271,"40497 Alvarado Points
Fisherside, LA 31683",N,hours
862,Andrew Brown,720-56-2165,"21164 Thomas Green Suite 654
Rachaelhaven, GA 80459",Y,hours
863,Megan Maynard,237-34-7931,"137 Scott Rue
West Briana, VA 28766",Y,hours
864,Andrew Ross,040-62-0276,"49438 Monroe Road
Brittneyburgh, FM 81259",Y,miles
865,Valerie Gould,583-07-7136,"650 Cain Ramp
Port Elizabethmouth, IA 92907",Y,hours
866,Dr. Robin Kelly,496-81-3315,"7943 Lee Pine Apt. 214
New Brittany, MT 51334",Y,miles
867,Brent Davis,094-79-7886,"858 Shepard Haven Apt. 306
South Sharon, ND 19053",Y,miles
868,Shelly Duke,501-07-3163,"5386 Hess Summit
Gonzaleston, GA 39756",Y,hours
869,Ms. Donna Gibson,313-22-0739,"2912 Richards Lock
Ryanfort, CT 64256",N,hours
870,Jamie Clark,021-81-8177,"5418 May Knoll
New Bobbybury, MI 96262",N,hours
871,Larry Love,210-04-8163,"447 Olivia Row
Hinesport, AZ 28710",Y,miles
872,Mario Monroe,681-81-8304,"932 Sabrina Plains Suite 764
East Spencer, KY 73539",Y,hours
873,Linda Joseph,556-85-9589,"717 Yang River Apt. 286
Juliatown, VT 44276",N,hours
874,Jessica Kramer,076-93-2312,"858 Elizabeth Garden
South Melissa, AK 30779",N,miles
875,Christopher Jones,738-04-9146,"72764 Bryant Harbor
South Joel, AK 10607",Y,hours
876,Lisa Soto,051-29-5096,"58720 Sherman Parkway
Jacksonchester, CT 85372",N,hours
877,Patricia Williams,479-76-9387,"864 Patrick Divide Apt. 957
Lake Shannonshire, WA 75146",Y,hours
878,Angel Huber,777-39-6854,"0132 David Gateway
Port Donald, AZ 74622",Y,miles
879,Zachary Johnson,235-03-8539,"9102 Robbins Flats
Port Kevinville, ID 82024",N,hours
880,Karen Lewis,330-05-8989,"84461 Alexis Viaduct Apt. 222
New Mary, NY 71303",Y,miles
881,John Nelson,713-29-2228,"37207 Brandon Locks
East Grace, KS 92593",Y,miles
882,Teresa Harris,649-35-0683,"940 Cynthia Union Suite 165
Wigginsberg, WA 07581",Y,miles
883,Sarah Evans,744-25-7875,"PSC 1635, Box 7771
APO AE 29889",Y,hours
884,Kathy Holmes,724-50-1728,"USNV Ward
FPO AP 47054",Y,hours
885,Diana Dalton,141-49-1824,"PSC 0332, Box 6346
APO AE 50617",N,hours
886,Sydney Davis,871-46-6364,"729 Scott Neck Suite 429
Jonesville, VA 36057",N,miles
887,Kristen Riley,868-49-3896,"2010 Montgomery Ford Apt. 508
West Williamburgh, PR 29340",Y,hours
888,Victoria Flores,595-41-9311,"17187 Todd Curve
Tanyaberg, PA 49094",N,miles
889,Lucas Leon,611-41-3464,"375 Anderson Isle Suite 624
South Micheleburgh, SD 07727",Y,hours
890,Brian Hughes,727-44-4105,"8752 Chambers Lodge Suite 472
East Karl, CT 07011",N,miles
891,Justin Williams,024-07-4252,"1323 Price Hill
Collinside, PA 77579",Y,miles
892,Susan Jordan,297-92-3423,"936 Morris Spurs
East Tammystad, SD 09605",N,miles
893,Matthew Hoffman,867-14-4156,"1696 Brooks Island
Rachelview, IN 53456",N,miles
894,Mary Scott,783-33-6791,"01511 Liu Forks Apt. 319
Lake Davidfurt, KY 60236",Y,miles
895,John Johnston,805-50-5379,"251 Kirby Valley Apt. 455
Hayeshaven, AZ 58628",N,miles
896,Todd Lane,497-94-7836,"USNV Evans
FPO AP 09774",N,miles
897,Jodi Delgado MD,838-32-2201,"2023 White Ville Suite 510
Patrickland, KY 77318",Y,hours
898,Ian Grant,197-71-5243,"86493 Jonathan Isle Apt. 471
Meganburgh, MN 47924",Y,miles
899,Jennifer Barber,178-76-1239,"0513 Chambers Plains
North Allison, MH 85372",Y,hours
900,Brittany Fernandez,132-96-7184,"460 Taylor Courts
East Rodney, WY 95689",N,miles
901,Anthony Ramirez,267-71-3234,"25282 Katie Lake Apt. 988
Lake Brian, VA 78585",N,hours
902,Gloria Myers,688-07-2990,"69855 Cardenas Forges
North Jesus, MT 36140",N,miles
903,William Phillips,385-43-2407,"Unit 8420 Box 0264
DPO AP 12966",N,miles
904,John Wallace,674-36-5286,"USS Jones
FPO AP 91275",N,hours
905,Ronald Hall,406-98-4190,"675 Mcintosh Road Apt. 206
Ryanborough, OK 95408",N,hours
906,Brian Burgess,321-41-5700,"Unit 7799 Box 5069
DPO AE 52572",N,miles
907,Angela Bryan,648-13-0386,"Unit 4856 Box 3720
DPO AE 20208",Y,miles
908,William Rodriguez,119-74-9086,"USS Anderson
FPO AA 21556",N,hours
909,Joshua Schmidt,326-19-7426,"4084 Victoria Prairie
West Yesenia, NH 09563",Y,miles
910,Barbara Hansen,125-01-2470,"86615 Shelley Wall
North Angelaside, PW 19829",Y,hours
911,Amanda Sims,492-54-5180,"559 Carlos Crossing
East Donaldfort, TX 92557",N,hours
912,Kara Davis,390-19-3880,"PSC 9111, Box 6701
APO AE 08259",Y,miles
913,Roger Reyes,787-62-5134,"USNV Roman
FPO AP 62548",N,miles
914,Valerie Kirby,148-50-0199,"615 Sandra Village
North James, GA 95966",Y,hours
915,Benjamin Pineda,311-37-5380,"996 Miller Shores
Jensenview, CA 96210",Y,hours
916,Cathy Wallace,683-75-0210,"781 Jennifer Orchard Suite 443
East Richard, NY 29643",N,hours
917,Gabriella Thompson,720-54-7571,"93469 Hanson Dale Suite 072
East Lisaton, CA 61243",N,hours
918,Rebekah Atkins,024-79-8355,"4205 Katherine Points
West Samuel, ID 60047",Y,miles
919,Brandon Hall,871-27-7756,"471 James Divide Suite 124
Christopherfurt, ME 68328",Y,hours
920,Diana Turner,563-89-5656,"6202 Russell Turnpike
South Cynthiashire, NE 16786",N,hours
921,Stephen Rose,444-22-5606,"73442 Johnson Green
Ashleybury, AZ 91252",Y,miles
922,Renee Torres,671-16-8121,"248 Barton Greens
Davisburgh, AR 89791",N,miles
923,David Brown,769-04-3178,"15664 Jessica Extension
Brownbury, IA 39505",N,miles
924,Christopher Woods,497-40-8385,"5552 Hughes Underpass
Johnville, KY 89122",N,hours
925,David Martinez,072-56-9294,"86537 Allen Bridge Apt. 840
Marshallchester, GA 47907",N,miles
926,John Flores,379-39-8090,"86547 Cooper Divide
Port Megan, CA 58256",Y,hours
927,Christine Hopkins,330-97-5325,"005 Sheppard Viaduct
Feliciaberg, NV 96478",Y,miles
928,Ashley Miles,012-75-8416,"47415 Chambers Loop
Bishopmouth, WY 52465",Y,hours
929,Katie Hickman,579-93-5553,"07712 Williams Mountain Apt. 634
Port Susan, MA 72924",Y,hours
930,Robert Davis,169-60-8429,"1717 Karen Manors Apt. 931
Henrymouth, MT 32142",N,miles
931,Tammy Villarreal,746-18-1009,"5353 Robert Highway
Christopherberg, SC 05736",N,miles
932,Michael Walker,599-59-5397,"657 Johnson Highway
Adamtown, AL 46737",Y,hours
933,Regina Cook,117-03-7396,"437 Leach Dam Suite 222
Kendrachester, VI 68790",Y,hours
934,Stephanie Skinner,091-28-7997,"491 Hill Rapids
East Meganmouth, IL 73104",Y,miles
935,Sheila Peterson,540-05-0086,"323 James Isle
Gillside, MN 36943",Y,hours
936,Alexandra Dodson,471-19-5449,"43640 Angela Isle
Perezton, HI 29100",N,hours
937,Deborah Smith,102-05-0623,"446 Hampton Street Suite 137
South James, MI 96543",N,miles
938,Kendra Cruz,872-39-7899,"02325 Philip Villages
Lake Codyshire, MN 38464",N,hours
939,Stephanie Howell,481-94-4839,"4312 Nicole Islands
Robinsonbury, LA 04352",N,miles
940,Heather Watkins,375-10-2345,"753 White Via
New Martha, OH 62985",N,miles
941,Margaret Ward,835-85-7743,"604 Stewart Summit Apt. 796
West Craigfort, GU 33856",Y,miles
942,Claudia Anderson,332-79-0965,"PSC 5062, Box 2910
APO AP 00552",Y,miles
943,Nicholas Jensen,532-75-9574,"7630 Joshua Overpass Apt. 623
Port Kimberly, GU 49054",N,miles
944,Samantha Nielsen,616-26-5890,"USNV Jackson
FPO AA 45605",N,hours
945,Dr. Lori Beck,490-50-4929,"13140 David Springs
North Matthewburgh, AS 21824",N,hours
946,Susan Matthews,221-98-1844,"PSC 8837, Box 1121
APO AP 04841",N,miles
947,Richard Ward,583-60-2237,"9420 Everett Village Apt. 801
West Toni, CA 43491",Y,hours
948,James Hale,159-75-1259,"999 Jackson Inlet Suite 822
Ayalastad, AK 40805",N,hours
949,Cody Hurley,279-60-3068,"157 Veronica Springs Suite 207
Christopherstad, AL 60298",Y,hours
950,Michael Miller,456-22-2281,"18977 Sierra Passage
Goldenport, AL 86074",N,hours
951,Brian Bond,688-35-3865,"524 Perez Extension
Ronaldside, WI 18540",N,miles
952,James Davis,112-15-2348,"6462 Barbara Hills
Nelsonside, GA 21485",Y,hours
953,Alexis Wilson,821-01-1160,"Unit 5672 Box 8944
DPO AA 26060",N,miles
954,Tiffany Castro,012-85-6220,"84651 Barbara Glens
South Justinview, AS 87978",Y,hours
955,Gina Johnson,138-79-2301,"886 Joanna Manor Apt. 535
Lake Chase, CT 04255",N,hours
956,Michael Barron,079-30-6847,"Unit 6848 Box 9043
DPO AE 76354",N,hours
957,Carrie Martinez,664-36-8040,"51993 Kayla Port Apt. 204
Lake Nicholaschester, MT 44327",N,hours
958,Sean Castillo,317-93-0796,"83729 Jeffrey Prairie
Drakefort, MN 06815",Y,hours
959,Nancy Foley,569-12-9624,"1925 Johnson Mews Apt. 814
Olsonfort, MN 69459",Y,hours
960,Colleen Craig,819-07-0275,"019 Murphy Mission
Kimberlyland, DC 67201",Y,hours
961,Sandra Smith,681-39-6363,"93707 Anthony Road Apt. 351
New Wendyland, LA 57359",Y,hours
962,Kimberly Davila,084-30-4351,"48104 Jones Key
West Deborahhaven, OH 37830",N,hours
963,Pamela Kane,809-46-6331,"771 Glen Pines
Francesburgh, MD 21735",N,miles
964,Frederick Hendricks,651-31-8216,"636 Miller Plaza
Jacobtown, OR 76044",Y,miles
965,Destiny Torres,363-72-8603,"0263 White Radial
Denniston, WY 55232",N,miles
966,Patricia Bryant,432-54-6093,"USNV Hodges
FPO AA 85826",Y,hours
967,John Clay,196-82-2094,"432 Daniel Junctions Suite 182
Barnesshire, NY 64046",Y,hours
968,Jordan Reid,398-14-2111,"PSC 5882, Box 0873
APO AP 21519",N,miles
969,Danny Herrera,595-56-8554,"00873 Morris Spring
Troyview, NM 45620",N,miles
970,Martin Anderson,554-54-4214,"1742 Shane Loaf
West Robertfurt, IN 94818",N,miles
971,Antonio Green,525-45-6867,"78238 Carol Camp
Johnburgh, CO 25298",N,hours
972,Sarah Bailey,611-70-1540,"68298 Shane Mountains
East Brianburgh, VI 06754",Y,miles
973,Tonya Chen,321-91-1324,"411 Nicholas Prairie Suite 525
Andrewmouth, AR 16352",N,hours
974,Kevin Johnson,204-91-7565,"4250 Joseph Manors
North Ryan, VA 15482",Y,miles
975,Dale Pope,449-78-0831,"67138 Richmond Greens Suite 801
Burkefurt, IL 31994",Y,hours
976,Juan Martinez,445-05-0839,"4360 Stephens Square Suite 143
South Karen, IL 24707",Y,miles
977,Alicia Hogan,517-21-2461,"37768 Linda Radial
New Taylor, MI 23798",N,miles
978,Julie Mullen,702-73-9551,"438 Gonzalez Square
Joshuaside, IN 21175",N,miles
979,Whitney Gray,737-52-6832,"515 Mary Crossing
Randyside, PR 46848",Y,hours
980,Mary Ball,454-94-2960,"497 Medina Parks Apt. 891
South Taylorport, MT 65818",Y,miles
981,Richard Gordon,827-16-0595,"65553 Miller Glen Suite 246
Brandyport, ME 94123",Y,miles
982,Donald Tran,083-53-2663,"7897 Franco Forges
Stantonberg, AZ 35890",N,miles
983,Devon Clarke,282-20-5456,"167 Steven Field Apt. 770
Davidport, LA 21444",N,miles
984,Austin Odonnell,291-15-0489,"873 Strickland Canyon Apt. 722
Lake Larryshire, DC 61110",Y,hours
985,Lisa Washington,742-51-5689,"6801 Salazar Square Suite 692
East Markmouth, TX 07537",Y,hours
986,David Scott,896-99-8082,"605 Tara Villages Suite 992
North Dana, MD 32485",N,miles
987,Heather Romero,043-48-2608,"144 Jamie Forge Suite 933
Port Amanda, OR 09644",Y,miles
988,Tiffany Castillo,292-22-3341,"484 Morris Villages
South Stephaniemouth, MH 07844",Y,miles
989,Amanda Roberts,480-53-8060,"USNV Long
FPO AA 12979",N,hours
990,Renee Fry,029-80-4799,"184 Donald Canyon
New Cheyenne, CT 10253",N,hours
991,Jeffrey Johnson,146-04-3682,"7773 Lisa Cliffs Apt. 681
Patrickshire, NE 99905",Y,miles
992,Brian Smith,764-82-6567,"2421 Jackson Ports
Erinhaven, NM 02006",N,miles
993,Jessica Bruce,838-18-6154,"675 Hanson Mill Apt. 551
West Jessica, OH 91919",N,miles
994,Michaela Lopez,418-61-2471,"2928 Hernandez Mountains
Lake Kimberly, DE 84142",Y,hours
995,Maria Jones,778-33-3040,"253 Reyes Freeway Apt. 145
Aliciafurt, HI 69173",Y,hours
996,Adriana Perkins,083-26-4314,"568 Mueller Spring Apt. 874
Westborough, MO 55877",Y,miles
997,Mary Kent,002-65-8799,"45161 Matthew Freeway
Lake Nathanielburgh, ID 21215",N,hours
998,Ethan Martin Jr.,567-96-1053,"Unit 7185 Box 6022
DPO AA 12920",Y,miles
999,Sherri Horne,016-59-5900,"811 Davis Views
East Susan, WV 82334",Y,miles
1000,Nathaniel Khan,138-74-3951,"PSC 4382, Box 2506
APO AA 23295",N,hours
1001,David Maxwell,364-09-2435,"9508 Elizabeth Trace
Gomezfurt, NC 33705",N,miles
1002,James Soto,817-73-4762,"92421 Melvin Hills
East Michael, WY 10818",Y,hours
1003,Patricia Berg,072-90-0971,"929 Kelly Ports
Priceland, OH 95724",Y,miles
1004,Alex Shepherd,244-45-6496,"49113 Williams Mountains Apt. 320
Tammyland, IN 96259",Y,hours
1005,Diane King,128-01-7133,"67311 Park Summit
Lake Lesliemouth, PA 08504",Y,hours
1006,James Williams,860-36-3847,"1102 Michelle Stream Apt. 496
Lake Brooke, NE 08252",Y,miles
1007,Zachary White,879-25-4538,"9399 Ingram Plain
New Hunter, MD 51809",Y,hours
1008,Daniel Nelson,189-12-3231,"481 Williamson Motorway
New Christopherborough, NJ 04112",Y,miles
1009,Elizabeth Smith,517-19-9815,"38879 Weaver Ports Suite 871
Douglastown, PW 41868",Y,hours
